文本编号,单词数量-DESWC-03,句子数量-DESSC-02,年级,多样性-LDVOCDa（51）,密度-WRDFRQC（94）,复杂度-K,句子长度-DESSL（06）,短语长度-PhraseLength,短语密度-PhraseDensity,句子结构-SentenceStructure,句法相似-SYNSTRUT,局部连贯-LocalCoherence,整体连贯-GlobalCoherence,因果衔接-SMCAUSr-64,意图衔接-SMINTEr-65,时体衔接-SMTEMP-68,段落平均长度-DESPL-04,段落平均长度标准差-DESPLd-05
1.txt,152.0,14.0,1,59.24900055,2.395999908,7.414108719391692,11.0,1.279500052,221.49166868,15.350999988666668,0.1704999955,0.3160000046666666,0.2216665689413687,0.200000003,0.300000012,0.922999978,7.0,0.0
1.txt,151.0,12.0,2,66.0510025,2.302000046,1.970583609561018,12.58300018,1.8250000175,211.92066444666668,8.830333391666667,0.1414999965,,,0.713999987,0.555999994,0.908999979,6.0,0.0
1.txt,199.0,10.0,3,100.0490036,2.029999971,-6.16604683544378,20.0,3.86800006,209.37999726,13.400666553333332,0.0665000005,0.363666666,0.3718156240507232,0.166999996,0.5,1.0,5.0,0.0
10.txt,193.0,17.0,1,89.56600189,2.27699995,2.300344143671282,11.4119997,1.601000011,215.88933561333332,8.63566653,0.161499999,,,0.333000004,0.222000003,0.75,8.5,0.707000017
10.txt,182.0,14.0,2,81.03500366,2.095000029,-2.830761875720455,13.0,2.1434999405,249.0843277,12.820666312,0.1414999965,0.2736666746666666,-0.2345310706807122,0.0,0.555999994,1.0,7.0,4.243000031
10.txt,191.0,18.0,3,105.4850006,2.301000118,0.2757370056084767,10.66699982,2.1824999455,221.64066061333332,13.96133296,0.163500004,0.1576666669999999,-0.1769473766132732,0.111000001,0.143000007,0.764999986,9.0,1.414000034
100.txt,202.0,17.0,1,106.9749985,2.260999918,-2.0142090308042953,11.88199997,1.6495000425,231.0229975466667,14.851333618666668,0.163500004,0.2149999986666666,-0.0877770370982324,0.100000001,0.166999996,0.875,8.5,0.707000017
100.txt,306.0,18.0,2,,,,17.05599976,2.332000017,198.25700124,8.714666366666666,0.0890000015,0.3073333376666666,0.0018194484235687,0.0,0.833000004,0.912,9.0,4.243000031
100.txt,244.0,18.0,3,107.7249985,2.246000051,-0.1050954623568145,13.55599976,2.7414998710000003,225.4096679666667,15.027333103333332,0.1190000025,0.2050000006666666,-0.1577557188628395,0.375,0.57099998,0.764999986,9.0,4.243000031
11.txt,189.0,16.0,1,77.30200195,2.480000019,2.166096511211421,11.875,1.129499987,238.09500376666668,10.58199978,0.1405000015,0.2620000096666666,0.0646829599478628,0.25,0.363999993,0.933000028,8.0,4.243000031
11.txt,199.0,14.0,2,69.28099823,2.188999891,0.4622288588782623,14.21399975,2.4829999505,239.53100586666665,6.700000126666667,0.127999999,0.283000005,0.0178135385376499,0.0,0.333000004,0.808000028,7.0,1.414000034
11.txt,170.0,13.0,3,62.74000168,2.138999939,-6.126061909919542,13.0,2.9199999275,198.0389963766667,0.0,0.1604999975,0.336666666,0.1023354956407442,0.0,0.0,1.0,6.5,0.707000017
12.txt,208.0,20.0,1,,,,10.44999981,2.3524999915,208.3333333366667,11.217666627,0.152999997,0.2426666743333333,-0.1837802808215043,0.300000012,0.181999996,0.947000027,10.0,2.828000069
12.txt,129.0,12.0,2,79.52300262,2.214999914,-3.1414783338086636,10.75,2.0884999635,217.05400340000003,12.919999758333333,0.1499999985,,,0.125,0.222000003,0.818000019,6.0,4.243000031
12.txt,197.0,12.0,3,69.51399994,2.318000078,0.5915610497949615,16.58300018,1.621500015,223.35033162,8.460000358,0.0985000024999999,0.399666667,0.2206668471163139,,,,6.0,1.414000034
13.txt,227.0,15.0,1,94.19300079,2.359999895,3.8846537546282742,15.33300018,2.1930000185,226.13800046333333,10.278999963333334,0.1065,0.2520000016666667,0.0514425369463673,0.200000003,0.444000006,0.856999993,7.5,2.121000051
13.txt,151.0,12.0,2,88.6210022,2.085999966,-3.3742400997913364,12.58300018,1.7500000295,238.41066739,15.452666603333334,0.126499999,0.3176666596666666,0.046167776020343,0.125,0.286000013,0.954999983,6.0,1.414000034
13.txt,194.0,18.0,3,73.04799652,2.203000069,-3.921713486561586,10.88899994,1.7595000565,216.49500023333337,10.309333326666666,0.159999996,0.19933333,-0.0642767873414553,0.273000002,0.38499999,0.940999985,9.0,1.414000034
14.txt,212.0,14.0,1,82.52700043,2.240999937,3.6378490244391912,15.14299965,1.939500064,237.42134093333337,6.289333343666667,0.1209999995,,,0.166999996,0.625,0.88499999,7.0,2.828000069
14.txt,186.0,15.0,2,92.94100189,2.210000038,3.80310265847632,12.33300018,2.2940000295,225.80633036333333,5.376333396,0.0899999995,0.240999999,-0.1713210018530394,0.286000013,0.5,0.82099998,7.5,3.536000013
14.txt,180.0,15.0,3,78.30400085,2.253999949,-1.0474585254415416,11.93299961,2.1899999675,218.51833091333336,20.37066666433333,0.1115000025,0.2383333346666667,0.0599822375861369,0.125,0.222000003,0.713999987,7.5,2.121000051
15.txt,206.0,16.0,1,99.375,2.431999922,5.659923039475416,12.93799973,2.2795000075,199.02932993,11.326666516666668,0.167999998,0.2366666643333333,-0.0025789030483394,0.713999987,0.555999994,0.76700002,8.0,1.414000034
15.txt,197.0,14.0,2,75.21099854,2.125,-2.0198353287640174,14.0710001,2.1075000465,223.35033163333333,3.384000143333333,0.131500002,0.2240000043333333,-0.062171596109684,0.222000003,0.090999998,0.846000016,7.0,2.828000069
15.txt,184.0,12.0,3,80.48999786,2.220000029,1.5765602280046522,15.25,2.2289999725,222.82567089,3.623333296666667,0.1105,0.4086666676666666,0.3463510195904128,0.200000003,0.181999996,0.908999979,6.0,1.414000034
16.txt,212.0,11.0,1,96.17099762,2.339999914,4.887508368066477,19.27300072,1.436500013,221.69832868,4.717000006666667,0.095999997,,,0.100000001,0.375,0.949999988,5.5,0.707000017
16.txt,193.0,17.0,2,84.47799683,2.444000006,2.4425779594947272,11.35299969,2.017999977,236.6150004033333,13.816667081,0.1445000025,0.1550000013333333,-0.1232909355043525,0.333000004,0.273000002,0.75,8.5,4.949999809
16.txt,191.0,12.0,3,92.07800293,2.24000001,-3.4657187694527636,16.0,2.211000025,219.89533233333336,10.471333186666667,0.1279999985,0.2733333383333333,0.1828984109973604,0.5,0.666999996,0.908999979,6.0,0.0
17.txt,164.0,13.0,1,78.78600311,2.252000093,-2.557783182667592,12.61499977,1.6519999505,209.3493347333333,6.09800005,0.1950000005,0.3269999973333333,0.0953073763179419,0.400000006,0.111000001,1.0,6.5,2.121000051
17.txt,160.0,12.0,2,104.5469971,2.089999914,-3.610043447677725,13.33300018,2.519000083,214.58333333333337,8.333333333333334,0.067500001,0.3373333313333333,-0.0536805957140373,0.286000013,0.57099998,0.773000002,6.0,1.414000034
17.txt,187.0,11.0,3,98.10399628,2.065000057,-6.113485334977696,17.0909996,2.382000029,226.38133496666669,10.694999693333337,0.0909999985,0.352999995,0.2731092698403534,0.166999996,0.333000004,0.899999976,5.5,0.707000017
18.txt,192.0,12.0,1,,,,16.25,2.0934999585,218.74966686,13.888666786666668,0.1109999975,,,0.5,0.833000004,0.635999978,6.0,2.828000069
18.txt,189.0,16.0,2,69.88600159,2.282000065,0.1743385303762181,11.81299973,1.2265000045,218.69466910000003,5.290999889666667,0.149500005,0.1923333356666666,-0.1582000071412322,0.0,0.286000013,0.967000008,8.0,2.828000069
18.txt,228.0,11.0,3,72.43499756,2.161999941,-2.5120551325463367,,,,,,,,0.0,0.166999996,1.0,5.5,0.707000017
19.txt,196.0,14.0,1,113.7450027,2.171000004,-3.9817286150395574,14.14299965,2.100999951,221.0886662766667,6.802666980000001,0.123999998,0.289333336,-0.0460969693338781,0.181999996,0.42899999,0.88499999,7.0,1.414000034
19.txt,166.0,14.0,2,,,,11.85700035,1.8055000005,238.95566559666665,16.064000446666668,0.1405000015,0.349999999,0.1891814498746982,0.400000006,0.333000004,0.808000028,7.0,2.828000069
19.txt,166.0,11.0,3,97.93800354,2.092000008,-4.925065714067614,15.18200016,1.717500001,226.90766653333333,12.048000333333334,0.0764999985,,,0.400000006,0.0,1.0,5.5,0.707000017
2.txt,163.0,15.0,1,73.51599884,2.270999908,1.3615877727541204,10.86699963,2.26850003,206.54400126333337,8.180000306666667,0.1959999949999999,0.269333333,-0.1189047487273454,0.125,0.25,0.92900002,7.5,2.121000051
2.txt,155.0,13.0,2,73.56800079,2.414000034,1.8782849686071048,12.0,1.717999965,217.20432535,10.752666633666664,0.1154999995,0.300999999,0.1070990224297705,0.222000003,0.666999996,0.875,6.5,2.121000051
2.txt,202.0,13.0,3,67.87400055,2.217000008,-2.754599619405411,15.61499977,2.7689999345,239.27400463333333,4.950333277333333,0.124499995,,,0.333000004,0.75,0.875,6.5,0.707000017
20.txt,201.0,15.0,1,,,,13.60000038,2.9880000950000003,217.2473398666667,11.608333428333331,0.1180000005,0.1493333376666666,-0.2590311582579402,0.5,0.363999993,0.92900002,7.5,2.121000051
20.txt,217.0,16.0,2,98.96499634,2.167999983,-1.1714567049351243,13.56299973,2.6070001124999997,221.19799806666663,3.071999868,0.120500002,0.3380000046666667,-0.0606367443011185,0.100000001,0.125,0.899999976,8.0,1.414000034
20.txt,213.0,13.0,3,62.24000168,2.226000071,0.5801628626957012,16.46199989,2.6180000605,234.7416687,10.954666934,0.0975,,,0.375,0.333000004,0.833000004,6.5,0.707000017
21.txt,237.0,15.0,1,80.31999969,2.444000006,3.7402799227789103,15.80000019,2.354000002,232.0676727,16.87766711,0.1285,0.2859999936666667,-0.0644108238113413,0.125,0.363999993,0.92900002,7.5,0.707000017
21.txt,173.0,16.0,2,,,,11.0,1.731000006,229.2870051,13.48733314,0.1215000005,0.2026666703333333,-0.1392209088196568,0.200000003,0.286000013,0.833000004,8.0,2.828000069
21.txt,250.0,14.0,3,76.62000275,2.049000025,-2.5644978073382703,17.85700035,2.4405000505,218.66666666666663,6.666666666666667,0.0865000005,,,,,,7.0,1.414000034
22.txt,229.0,18.0,1,110.8669968,2.348999977,5.476337624968508,12.72200012,1.6025000215,215.42933402000003,13.100332893333333,0.109500002,0.2493333296666666,-0.010777259203198,0.5,0.726999998,0.79400003,9.0,2.828000069
22.txt,165.0,12.0,2,80.32099915,2.219000101,-3.932840117931931,13.75,1.705000013,230.3030064666667,6.060666403333333,0.129999999,0.2426666593333333,0.0757000090731996,0.082999997,0.200000003,0.908999979,6.0,1.414000034
22.txt,172.0,10.0,3,81.45800018,2.197999954,-0.0143271940112725,17.29999924,2.9255000055,226.74400333333332,13.565999986666668,0.0845,0.228333334,0.120091608769122,0.5,0.666999996,0.833000004,5.0,0.0
23.txt,191.0,16.0,1,125.4280014,2.415999889,2.118406387245628,11.93799973,1.2279999855,225.13100177,8.726333300666667,0.103,0.2216666739999999,-0.2161951790810741,0.625,0.5,0.933000028,8.0,0.0
23.txt,175.0,14.0,2,89.27400208,2.313999891,-0.5216672815553665,12.5,2.117999941,240.00000254666665,5.714333216666667,0.134999998,0.3639999976666666,0.1182946074357593,0.111000001,0.111000001,0.808000028,7.0,5.657000065
23.txt,233.0,14.0,3,108.8320007,2.315000057,-0.91936650926813,16.7859993,2.1499999460000003,227.4680023233333,10.014666556,0.1039999985,0.252666667,-0.1250172937466066,0.0,0.666999996,0.768999994,7.0,0.0
24.txt,244.0,20.0,1,75.04000092,2.415999889,2.4751191985620835,12.19999981,2.0864999595,228.14200083999995,13.661332766666668,0.126499999,0.3190000106666666,-0.0557631275924563,0.181999996,0.0,0.894999981,10.0,1.414000034
24.txt,194.0,12.0,2,,,,16.16699982,2.150000006,219.93133546666664,8.59133339,0.1119999995,0.1910000046666666,-0.1410573052440065,0.111000001,0.375,0.773000002,6.0,1.414000034
24.txt,185.0,15.0,3,76.01200104,2.111999989,-0.6408330106826696,12.33300018,3.0680000780000003,236.03599803333336,5.40500021,0.1465000065,0.3326666706666667,0.1282791213567914,0.25,0.273000002,1.0,7.5,2.121000051
25.txt,160.0,13.0,1,71.77400208,2.278000116,3.02460149438312,12.38500023,1.976999998,227.08333333333337,8.333333333333334,0.1534999985,0.233333332,0.027075618013772,0.143000007,0.0,0.833000004,6.5,2.121000051
25.txt,176.0,12.0,2,87.00900269,2.269000053,3.24674204564613,14.66699982,2.204000026,250.00033316666668,13.25766627,0.129000001,0.3579999956666666,-0.0704625826397113,0.25,0.375,0.726999998,6.0,1.414000034
25.txt,180.0,11.0,3,66.95500183,2.125999928,-0.3182665003204761,16.54500008,2.7635001245,227.77766421333337,11.11100006,0.1295000015,0.3859999946666667,0.3245362489975982,0.0,0.0,0.699999988,5.5,0.707000017
26.txt,237.0,13.0,1,71.76899719,2.430000067,1.248498450591228,18.2310009,3.1285000445,234.88033292666668,12.658332823333334,0.1174999995,,,0.42899999,0.400000006,0.875,6.5,0.707000017
26.txt,180.0,11.0,2,87.15599823,2.161999941,-2.9314105104163986,16.36400032,3.1684999765,227.77766926666663,9.259666762,0.1150000019999999,0.3509999959999999,0.0750516867708253,0.600000024,0.75,0.899999976,5.5,3.536000013
26.txt,215.0,15.0,3,92.30999756,2.299000025,-0.2877229209133674,14.53299999,2.1384999455,215.50400032333332,7.751999854333334,0.118499998,0.276333337,0.1382519941360273,0.666999996,0.400000006,0.856999993,7.5,0.707000017
27.txt,180.0,12.0,1,86.05799866,2.354000092,1.8467405350572648,15.08300018,2.730999917,220.3703308,9.259333293333334,0.147500001,0.3773333233333333,0.1175122141219621,0.666999996,0.444000006,0.954999983,6.0,2.828000069
27.txt,167.0,15.0,2,75.17099762,2.467999935,3.8663181173365615,11.13300037,1.7765000465,207.58466591,9.979999858666666,0.147,0.199000001,-0.2093785502243331,0.0,0.111000001,0.856999993,7.5,4.949999809
27.txt,153.0,10.0,3,96.02400208,2.407000065,9.750957355240743,15.30000019,2.2650000450000003,228.75800068666663,10.893332958333332,0.1085000005,0.1683333353333333,0.0451296054656988,0.5,0.5,0.888999999,5.0,1.414000034
28.txt,175.0,17.0,1,84.60700226,2.322000027,-1.3438349997498025,10.29399967,1.780999988,198.09500248,1.9046667416666667,0.153999999,0.226666675,0.0049726573075393,0.57099998,0.5,0.906000018,8.5,3.536000013
28.txt,210.0,12.0,2,,,,17.5,1.865500003,211.11099750666668,14.285999934666668,0.1054999975,0.2883333366666666,0.0729664046123116,0.333000004,0.5,0.908999979,6.0,0.0
28.txt,155.0,9.0,3,91.29100037,2.262000084,2.1294419275259457,17.22200012,2.0769999625,204.30099997333332,12.90299988,0.0634999985,0.4329999983333333,0.3023199000488757,0.25,0.5,1.0,4.5,2.121000051
29.txt,185.0,14.0,1,,,,13.35700035,1.751499951,223.42366789999997,9.008999983333334,0.137000002,0.198999996,-0.0454629598699417,0.25,0.555999994,0.922999978,7.0,2.828000069
29.txt,150.0,13.0,2,85.50499725,2.187000036,-3.2138660111116906,11.53800011,1.709499955,219.99967192666668,22.22200012,0.130499996,0.288,-0.2476641789706651,0.090999998,0.286000013,0.916999996,6.5,0.707000017
29.txt,212.0,10.0,3,81.94300079,2.029000044,-9.088855704664688,,,,,,,,0.200000003,0.333000004,0.833000004,5.0,0.0
3.txt,200.0,17.0,1,90.97899628,2.454999924,2.0601167380108905,11.82400036,1.8100000025,198.33333333333337,13.333333333333334,0.146499999,0.2576666626666666,-0.1638316311436915,0.666999996,0.181999996,0.718999982,8.5,2.121000051
3.txt,170.0,13.0,2,78.28299713,2.259000063,-0.4289135277363698,13.15400028,1.8674999775,213.72533673333336,11.764666556333331,0.137000002,0.316666663,0.1482395239314093,0.166999996,0.666999996,0.875,6.5,2.121000051
3.txt,210.0,12.0,3,,,,17.58300018,3.1834999025,209.52366382,11.111333528666668,0.103500001,0.3086666663333333,0.2191920869759624,0.125,0.833000004,1.0,6.0,0.0
30.txt,140.0,8.0,1,,,,17.625,3.022000015,202.3810018,9.524000325333336,0.085499998,,,0.400000006,0.5,0.643000007,4.0,0.0
30.txt,156.0,9.0,2,,,,17.33300018,3.5635000464999997,209.40166473333332,14.957667033333331,0.083999999,,,0.5,0.75,0.875,4.5,0.707000017
30.txt,197.0,14.0,3,89.51300049,2.23300004,-0.9832779974737776,14.14299965,2.2214999795,216.58200073,11.844333648,0.1139999999999999,0.2253333296666666,-0.1158985079292866,0.286000013,0.600000024,0.922999978,7.0,0.0
31.txt,187.0,12.0,1,76.24900055,2.272000074,3.376772031153095,15.41699982,2.5745000840000003,247.77165983333336,8.91266648,0.116499998,0.3523333256666667,0.2149116277349673,0.125,0.222000003,0.908999979,6.0,1.414000034
31.txt,218.0,8.0,2,49.51499939,2.463000059,5.505129252762828,,,,,,,,0.0,0.25,0.786000013,4.0,1.414000034
31.txt,173.0,11.0,3,83.65499878,2.265000105,1.1938952402417016,15.81799984,2.423999965,202.31200153666668,5.78000021,0.120500002,,,0.333000004,0.200000003,0.899999976,5.5,0.707000017
32.txt,198.0,14.0,1,79.76899719,2.358999968,0.0544756651942748,14.21399975,2.0414999425,213.80499776,11.784666539333331,0.0860000029999999,0.232000003,-0.0369375460517688,0.333000004,0.375,0.731000006,7.0,1.414000034
32.txt,123.0,8.0,2,85.20800018,2.069000006,-10.411282439852492,15.375,2.260500014,238.48233033333335,5.420000076,0.1550000015,0.1689999973333333,-0.1056895518798939,0.286000013,0.600000024,0.856999993,4.0,1.414000034
32.txt,216.0,13.0,3,85.30400085,2.220000029,0.1786090722814464,16.69199944,1.868999958,223.7653350666666,20.06199964,0.1094999985,,,,,,6.5,0.707000017
33.txt,177.0,14.0,1,87.94000244,2.154999971,-0.1723208863985519,12.64299965,2.264999986,212.80566913333337,3.76666673,0.1689999999999999,0.4063333223333333,-0.1299170305381425,0.300000012,0.625,1.0,7.0,2.828000069
33.txt,188.0,13.0,2,72.4469986,2.183000088,-1.7257044787703677,14.69200039,2.666999966,218.08499654,14.184333325666666,0.1160000005,0.4373333353333333,0.2964390029081476,0.25,0.125,0.916999996,6.5,2.121000051
33.txt,172.0,11.0,3,104.9069977,2.381999969,0.8870983498974994,15.72700024,2.151499957,199.61233772666665,13.565999983333333,0.1085000005,0.1846666693333333,-0.1100257483404449,0.166999996,0.333000004,0.949999988,5.5,0.707000017
34.txt,165.0,12.0,1,113.7890015,2.378999949,4.7571507524803565,,,,,,0.1543333306666666,-0.3259921010865944,0.286000013,0.375,0.818000019,6.0,0.0
34.txt,166.0,13.0,2,54.71099854,2.40199995,5.86960049664485,12.76900005,1.360999972,226.90766143,8.032000222666667,0.1030000005,0.3946666693333334,0.3069806773329382,0.111000001,0.455000013,0.916999996,6.5,0.707000017
34.txt,202.0,12.0,3,,,,16.91699982,1.9855000375,196.36967215333337,8.250666617666667,0.070999999,0.2920000056666667,0.0494397449106058,,,,6.0,0.0
35.txt,219.0,15.0,1,87.13500214,2.316999912,-0.9655791530841212,14.66699982,1.9035000205,219.17799631666665,13.698333104666666,0.118999999,0.3489999973333333,0.1118693428370417,0.286000013,0.416999996,0.92900002,7.5,2.121000051
35.txt,123.0,12.0,2,96.27200317,2.496000051,6.446240941142747,10.25,1.3069999965,224.9323349,5.420000076,0.1575000065,0.3523333396666666,-0.0246618479111238,,,,6.0,1.414000034
35.txt,210.0,12.0,3,90.52799988,2.079999924,-6.946643406427725,17.5,3.3875000775,219.04766336666663,9.524000169333334,0.0955,0.232000003,-0.1644524152546103,,,,6.0,2.828000069
36.txt,209.0,13.0,1,88.46600342,2.289999962,3.052450399175541,16.30800056,2.7355000375,223.28566743333332,11.164333343333334,0.1099999995,0.221333335,-0.0863502250851059,0.111000001,0.25,0.916999996,6.5,3.536000013
36.txt,180.0,14.0,2,75.10800171,2.230999947,0.5605412656073412,12.85700035,1.993999988,198.14799501333337,9.259333293333334,0.109000001,0.2556666583333333,-0.0011057658802046,0.200000003,0.42899999,0.962000012,7.0,2.828000069
36.txt,199.0,18.0,3,101.5889969,2.039000034,-9.767713575962157,,,,,,0.233333329,-0.0974939184006092,0.222000003,0.25,0.735000014,9.0,2.828000069
37.txt,172.0,16.0,1,67.24700165,2.404000044,2.6593571867058756,10.81299973,1.4434999825,224.8059997633333,5.81400013,0.1735000015,0.3193333296666666,-0.0448767728047186,0.222000003,0.111000001,0.899999976,8.0,0.0
37.txt,188.0,12.0,2,52.80599976,2.204999924,4.241764891629515,15.66699982,1.784500003,237.58866883333337,8.865333399,0.1254999975,0.3303333296666667,0.1608323080574003,0.666999996,0.5,0.908999979,6.0,4.243000031
37.txt,192.0,13.0,3,82.49900055,2.16899991,-0.7840378479254326,14.76900005,2.010500014,215.27766166,3.4720001220000003,0.1515000014999999,0.3076666646666667,-0.1161342560534065,0.400000006,0.400000006,1.0,6.5,2.121000051
38.txt,212.0,16.0,1,74.9260025,2.426000118,6.469054756793042,13.25,2.219999969,223.27066296333336,11.006333352666667,0.103,0.2836666656666667,-0.0711738709586986,0.444000006,0.111000001,0.933000028,8.0,2.828000069
38.txt,204.0,13.0,2,,,,15.76900005,2.6659998895,215.68600463666667,3.267999966666667,0.091499999,0.1713333326666667,-0.0802378699302007,0.181999996,0.286000013,0.875,6.5,3.536000013
38.txt,216.0,12.0,3,,,,18.0,2.7380000950000003,214.5063349333333,7.716333071333334,0.0955,0.3896666716666666,0.1466746025713432,0.400000006,0.111000001,0.864000022,6.0,1.414000034
39.txt,187.0,17.0,1,80.26200104,2.480999947,3.056315681931949,11.05900002,1.5365000519999998,245.9893315633333,8.912666476666667,0.139000006,0.2026666676666666,-0.0559979529207633,0.333000004,0.166999996,0.843999982,8.5,2.121000051
39.txt,175.0,12.0,2,76.86799622,2.049000025,-2.1410810920437484,14.66699982,2.16049999,196.19033049666663,17.14299965,0.074000001,0.2130000046666667,-0.118153930601623,0.200000003,0.166999996,0.864000022,6.0,1.414000034
39.txt,175.0,11.0,3,94.22799683,2.157999992,0.4934708214500318,16.0,2.830000013,228.57133228,13.333333333333334,0.101999998,0.2123333336666666,-0.0219684455507414,0.25,0.286000013,0.75,5.5,2.121000051
4.txt,,,1,60.00699997,2.367000103,-1.069010455395329,,,,,,,,,,,5.0,1.414000034
4.txt,160.0,10.0,2,72.92900085,2.351999998,2.3763347204371996,16.10000038,2.706499964,229.16666666666663,8.333333333333334,0.1240000015,,,0.25,0.0,0.888999999,5.0,1.414000034
4.txt,204.0,15.0,3,83.30699921,2.430000067,2.5108163191405595,13.7329998,2.24150002,209.15066403666663,16.340000153333335,0.1224999985,,,0.143000007,0.166999996,0.963999987,7.5,0.707000017
40.txt,273.0,19.0,1,92.04799652,2.381000042,3.690982605065045,14.36800003,1.4454999865,217.33800505333332,10.989000319,0.1174999995,0.2506666656666667,-0.0946633792959672,0.400000006,0.25,0.888999999,9.5,0.707000017
40.txt,140.0,11.0,2,72.33300018,2.003999949,-1.1328520425570758,,,,,,0.1073333346666666,-0.2010694775601207,0.0,0.400000006,0.899999976,5.5,3.536000013
40.txt,204.0,9.0,3,103.9990005,2.328999996,-4.80024800691659,,,,,,,,,,,4.5,0.707000017
41.txt,179.0,13.0,1,95.44200134,2.232000113,-2.1104849906697183,13.84599972,2.7470000985,238.36133324,7.449000041000001,0.116999999,0.322666665,0.0635912071088782,0.333000004,0.400000006,0.708000004,6.5,0.707000017
41.txt,208.0,21.0,2,87.14700317,2.187000036,1.2710064733333295,10.0,1.574000031,216.34600065333336,11.218000253,0.126000002,0.2233333286666666,-0.1774975078677704,0.214000002,0.222000003,0.899999976,10.5,4.949999809
41.txt,223.0,15.0,3,82.27200317,2.28399992,0.7650737160105905,15.06700039,2.193499982,222.72033179666664,17.937000273333332,0.118999999,0.3539999973333333,-0.0234625625223391,0.181999996,0.25,1.0,7.5,2.121000051
42.txt,198.0,13.0,1,70.95600128,2.085999966,-2.1209137911637015,15.23099995,3.2354999185,254.20866393333336,10.100999833333333,0.129500005,0.2286666656666666,0.091482002003679,0.57099998,0.42899999,0.916999996,6.5,2.121000051
42.txt,190.0,17.0,2,79.70600128,2.236000061,-4.560885550570234,11.29399967,1.831499994,215.78933208,8.771666527333332,0.118999999,0.1819999966666666,-0.2031707384675891,0.800000012,0.42899999,0.938000023,8.5,3.536000013
42.txt,202.0,18.0,3,65.20800018,2.290999889,0.2829186295497834,11.22200012,2.4429998994999997,222.77199556666665,4.950333277333333,0.1934999969999999,0.2723333273333333,-0.0968867245198595,0.300000012,0.307999998,0.852999985,9.0,1.414000034
43.txt,183.0,9.0,1,90.67500305,2.279000044,-3.855510668503868,20.33300018,1.4249999525,229.50833386666667,16.393332958333335,0.0880000035,0.2953333356666667,0.1545827334875864,0.333000004,0.57099998,1.0,4.5,0.707000017
43.txt,163.0,18.0,2,77.85500336,2.190999985,-2.7584723466748784,9.055999756,1.18599996,204.49900307,4.090000152666667,0.1520000025,0.0970000003333333,-0.2657753457924548,0.111000001,0.100000001,0.852999985,,
43.txt,258.0,19.0,3,66.55999756,2.325000048,1.45985688926487,13.68400002,2.460999995,237.72599793333333,15.504000028333332,0.1215,0.3976666633333334,0.3411527568006171,0.0,0.25,0.916999996,9.5,0.707000017
44.txt,229.0,16.0,1,105.3249969,2.301000118,1.582033889445967,14.31299973,2.150999993,227.07400769,10.189333119666664,0.1669999955,0.3119999963333333,0.1441315669640215,0.125,0.0,0.800000012,8.0,2.828000069
44.txt,156.0,13.0,2,102.3430023,2.33100009,4.663681966770042,12.0,2.800000012,217.94899747666668,8.547000249,0.1634999959999999,0.3543333313333334,0.0284804644453219,0.222000003,0.333000004,0.833000004,6.5,2.121000051
44.txt,218.0,13.0,3,73.95999908,2.052999973,-5.648627295831048,16.84600067,3.585999936,235.47400156666663,12.232333499666666,0.1149999985,0.3163333313333333,0.1823043290384713,,,,6.5,0.707000017
45.txt,149.0,11.0,1,75.52300262,2.358999968,0.463238291721467,13.54500008,1.428499967,201.34266662666667,8.94866689,0.1395,0.220333334,-0.1586014781012634,0.42899999,0.400000006,0.949999988,5.5,0.707000017
45.txt,158.0,17.0,2,68.36000061,2.512000084,6.7911373758943085,9.352999687,1.346000016,221.51899847333337,8.438666660666668,0.188000001,0.157666666,-0.1829858554311858,0.5,0.300000012,0.906000018,,
45.txt,211.0,14.0,3,60.69400024,2.334000111,-0.8461786739461132,15.0710001,2.8760000764999996,243.28566996666663,9.478666781333333,0.1609999985,0.3629999906666667,0.0799350154457274,0.200000003,0.42899999,0.846000016,7.0,1.414000034
46.txt,229.0,14.0,1,110.3379974,2.127000093,-0.9577457875351314,16.5,1.7644999920000002,216.88533527666664,14.555999753333332,0.088999998,0.2236666703333333,-0.1049098795343508,0.200000003,0.5,0.846000016,7.0,0.0
46.txt,157.0,10.0,2,72.27200317,2.684000015,4.3338011471050635,15.80000019,1.1659999785,225.05299888,16.98499949933333,0.0735,0.4366666676666666,0.2899166576947344,0.800000012,0.57099998,0.777999997,5.0,2.828000069
46.txt,224.0,14.0,3,93.03900146,2.308000088,-4.638943139411779,16.14299965,1.844999999,196.42867021666663,13.39299965,0.0944999974999999,0.3573333323333332,0.2235520895009985,,,,7.0,1.414000034
47.txt,197.0,18.0,1,74.23000336,2.382999897,4.602210076935393,10.94400024,1.6869999770000002,226.73433174,8.460333508,0.1799999995,0.196333329,-0.0816278943438711,0.082999997,0.181999996,0.764999986,9.0,0.0
47.txt,138.0,17.0,2,90.22399902,2.336999893,-1.0206829048080976,8.118000031,1.7669999895,236.7146632,2.415333271,0.1494999975,0.1049999993333333,-0.3267998798217412,0.090999998,0.286000013,0.906000018,,
47.txt,192.0,12.0,3,81.59600067,2.220999956,1.2807880243556724,16.25,2.3939999045,223.95833079333332,8.680666607666666,0.0995000004999999,0.277,0.0887513111294493,0.166999996,0.5,0.908999979,6.0,1.414000034
48.txt,155.0,13.0,1,,,,11.92300034,2.4844999615,195.69900003333336,2.150666713666667,0.1519999955,0.1353333343333333,-0.1973592539817486,0.300000012,0.400000006,1.0,6.5,2.121000051
48.txt,168.0,16.0,2,99.07800293,2.299999952,-0.5359405555691552,10.56299973,1.240500003,222.22200266,9.920666376666668,0.097000003,0.161666669,-0.2556435377770923,0.333000004,0.5,0.866999984,8.0,1.414000034
48.txt,163.0,10.0,3,103.6340027,2.154000044,-4.022046044302982,16.29999924,1.9764999745,220.85900117666665,10.225000382666666,0.105999999,0.331666666,0.0576340107834278,0.600000024,0.57099998,0.777999997,5.0,1.414000034
49.txt,149.0,12.0,1,73.68299866,2.467000008,5.1885779687767695,12.41699982,1.9164999725,217.00199890333337,11.185666878666666,0.1395,0.1980000053333333,-0.1302405068323465,0.5,0.222000003,0.864000022,6.0,2.828000069
49.txt,237.0,17.0,2,101.2099991,2.121000051,-5.867121857514249,14.0,2.0424999595,210.9706675333333,5.625666617666667,0.0854999985,0.251666665,-0.0910787295638845,0.300000012,0.5,0.938000023,8.5,3.536000013
49.txt,213.0,16.0,3,69.84799957,2.246999979,2.447423022613662,13.5,1.3924999835,247.26132708666668,17.214667004333332,0.120500002,0.3386666676666667,0.2560654566239695,0.090999998,0.181999996,0.800000012,8.0,1.414000034
5.txt,157.0,13.0,1,62.77099991,2.318000078,0.8797236348777062,12.07699966,1.615999997,222.9299977533333,12.738666692666667,0.1354999989999999,,,0.5,0.222000003,0.958000004,6.5,0.707000017
5.txt,144.0,11.0,2,,,,13.0909996,2.8009999095,217.59266662666667,11.573999882333332,0.1280000025,0.2053333346666666,-0.3305126850935669,0.25,0.42899999,1.0,5.5,2.121000051
5.txt,212.0,16.0,3,83.58799744,2.108999968,-4.804406441034018,13.25,3.140000105,212.26433313333337,3.1446666716666667,0.1414999965,0.2226666706666666,-0.1901840288774637,0.0,0.200000003,0.899999976,8.0,1.414000034
50.txt,205.0,11.0,1,87.6989975,2.267999887,2.520554913713184,18.72699928,2.1134999695,230.89433286666667,13.007999579333337,0.0830000009999999,0.2649999956666666,0.1461421724929152,0.600000024,0.42899999,0.699999988,5.5,2.121000051
50.txt,212.0,18.0,2,84.21600342,2.276000023,-2.4328233067992073,11.83300018,1.702500045,232.70433553333336,6.289333343666667,0.1635000035,0.247333328,-0.0606963402576111,0.25,0.875,0.824000001,9.0,5.657000065
50.txt,198.0,14.0,3,79.41799927,2.427999973,4.159682638387352,14.14299965,2.7499999405000004,220.53899892,13.467999773333332,0.147,0.227000003,-0.1668011860663753,0.300000012,0.5,0.808000028,7.0,2.828000069
51.txt,210.0,15.0,1,,,,14.19999981,2.0244999825,241.26966857333332,14.285999936666668,0.1255000044999999,0.255999996,0.0534589348601326,0.100000001,0.25,0.643000007,7.5,3.536000013
51.txt,139.0,12.0,2,,,,11.58300018,2.647000104,213.42933401333332,2.3979999223333333,0.1064999995,,,0.273000002,0.42899999,0.908999979,6.0,4.243000031
51.txt,200.0,15.0,3,70.29199982,2.378999949,3.9439594215372864,13.39999962,1.294999987,226.66666666666663,8.333333333333334,0.09,0.271666671,0.1026526011620819,0.143000007,0.286000013,0.963999987,7.5,2.121000051
52.txt,190.0,14.0,1,106.663002,2.381000042,0.1689543524810233,13.5710001,2.1875,231.57866923333336,8.771999993333333,0.0960000005,0.3116666676666667,-0.0276078637320192,0.57099998,0.363999993,0.846000016,7.0,1.414000034
52.txt,145.0,9.0,2,111.1220016,2.270999908,-2.61101439408759,16.33300018,1.396500021,222.98833210333336,13.793333528666665,0.096500002,0.2926666686666666,0.0620292568394221,,,,4.5,2.121000051
52.txt,197.0,16.0,3,80.40299988,2.239000082,-1.5602883745990963,12.31299973,1.5379999875,221.65833790666667,6.7683334366666665,0.1400000005,0.2863333423333333,-0.0300359903426989,0.286000013,0.375,0.899999976,8.0,2.828000069
53.txt,189.0,12.0,1,113.189003,2.453000069,3.529395951316161,15.83300018,2.8854998944999997,220.4583308,12.345666566666663,0.1345000005,0.2946666579999999,0.0079820852044024,0.42899999,0.713999987,0.726999998,6.0,0.0
53.txt,127.0,10.0,2,79.59300232,2.197999954,1.5891006568299275,12.69999981,2.2035000325,244.0943298,10.498666604,0.125500001,,,0.400000006,0.333000004,0.888999999,5.0,1.414000034
53.txt,213.0,16.0,3,85.87799835,2.229000092,-1.4722550590343246,13.31299973,2.2599999905,230.0466741,9.390000026666668,0.1209999995,0.2520000093333333,0.0310188195961281,0.286000013,0.777999997,0.800000012,8.0,1.414000034
54.txt,191.0,11.0,1,79.01699829,2.338999987,4.211094730619664,17.54500008,2.4025000335,235.60199735,15.706665993333331,0.103,0.2653333419999999,0.1725205939249298,0.286000013,0.444000006,0.75,5.5,0.707000017
54.txt,184.0,13.0,2,91.35700226,2.072999954,-0.8468203019690037,14.38500023,2.20600003,230.07232921333332,18.11600049333333,0.1219999975,0.3376666656666667,0.0179017891160507,0.090999998,0.666999996,0.791999996,6.5,0.707000017
54.txt,205.0,15.0,3,85.2519989,2.357000113,3.1418153320515643,13.7329998,1.900000006,201.62599946666668,13.007999738666667,0.103500001,0.163999997,-0.0395108239971689,0.0,0.222000003,0.92900002,7.5,0.707000017
55.txt,275.0,22.0,1,86.85099792,2.260999918,0.9183453483854578,12.5909996,2.178499967,224.24232736666667,8.484666587,0.1124999969999999,0.248666664,-0.0615680645955598,0.166999996,0.100000001,0.833000004,11.0,5.657000065
55.txt,162.0,15.0,2,102.0830002,2.351000071,2.330605363011486,10.93299961,2.003499985,224.28000384000003,18.51866610966667,0.148000002,0.2363333256666666,-0.0564071639306261,0.111000001,0.5,0.856999993,7.5,3.536000013
55.txt,171.0,17.0,3,100.2220001,2.24000001,-1.4591175012198363,10.17599964,1.980499953,210.52633410666667,9.74666691,0.1789999975,0.2489999956666666,-0.0240218351420553,0.363999993,0.300000012,0.75,8.5,2.121000051
56.txt,189.0,12.0,1,72.25299835,2.296000004,-1.7418770073803105,15.83300018,2.758500084,229.2766698,5.290999889,0.1250000035,0.3873333256666667,0.28079299674968,0.222000003,0.286000013,0.818000019,6.0,0.0
56.txt,189.0,13.0,2,118.5780029,2.11500001,-4.629001109234366,14.53800011,3.0369999109999997,220.45833588666667,10.582000093333331,0.1005000024999999,0.2813333323333333,-0.0857829956320166,0.25,0.5,1.0,6.5,3.536000013
56.txt,203.0,15.0,3,81.6269989,2.22300005,-2.6509390023273056,13.53299999,2.8544999955,221.67500303333335,11.494333585666666,0.1284999995,0.2999999946666666,-0.0879493803399585,0.400000006,0.666999996,0.856999993,7.5,2.121000051
57.txt,185.0,16.0,1,82.22200012,2.388999939,5.964450842857559,11.56299973,2.0964999795,210.8106715,5.40533336,0.1620000005,,,0.0,0.42899999,0.933000028,8.0,1.414000034
57.txt,136.0,14.0,2,81.41600037,2.302999973,-2.8756613553798474,9.713999748,1.4140000045,235.29399618,4.90200011,0.133999996,0.335333335,-0.1886686287866338,0.0,0.0,0.88499999,7.0,2.828000069
57.txt,217.0,13.0,3,62.2840004,2.298000097,1.378059493536938,16.7689991,2.8819999995,211.98166402333337,9.216333388,0.107000001,0.4153333356666667,0.0452733610783944,0.333000004,0.600000024,0.833000004,6.5,0.707000017
58.txt,166.0,10.0,1,,,,16.60000038,2.173000038,238.9560038333333,16.0643336,0.1099999995,0.3806666683333333,0.1741150149747024,0.166999996,0.42899999,0.944000006,5.0,0.0
58.txt,171.0,12.0,2,48.20000076,2.273000002,2.096980893143254,14.25,2.2364999655,226.12066396666668,11.69600026,0.1489999965,0.283999992,-0.0425229003384972,0.200000003,0.200000003,0.818000019,6.0,0.0
58.txt,220.0,16.0,3,90.45899963,2.375999928,0.3287325345359022,13.75,2.066999972,222.7273305266667,10.60599963,0.1364999935,0.2976666663333333,0.1640470181536182,0.100000001,0.111000001,0.933000028,8.0,2.828000069
59.txt,240.0,20.0,1,92.2440033,2.328000069,-0.9480260025794108,12.0,2.1900000275,226.389005,5.555666605666667,0.151999995,0.306666677,-0.1723733134552993,0.143000007,0.071000002,0.867999971,10.0,1.414000034
59.txt,208.0,13.0,2,80.43099976,2.306999922,0.4830936111048345,16.0,2.1950000225,206.73100283333335,6.410333633333334,0.136,0.3109999993333333,-0.0178644176698197,0.375,0.555999994,0.916999996,6.5,2.121000051
59.txt,191.0,16.0,3,77.72399902,2.448999882,0.9823361401659554,11.93799973,1.911999971,219.89532980333337,6.98066648,0.137500003,0.153666669,-0.0945666406614411,,,,8.0,1.414000034
6.txt,158.0,13.0,1,70.61799622,2.328000069,2.9177180992508625,12.15400028,1.8550000485,217.29965973333336,10.548666636666669,0.1665000019999999,0.2380000003333333,0.1304133451076256,0.375,0.077,0.791999996,6.5,4.949999809
6.txt,125.0,11.0,2,109.2600021,2.346999884,2.779505484405149,11.27299976,1.477000028,224.0,10.666666666666666,0.1315000055,0.196000005,-0.3291682629279553,0.166999996,0.5,0.949999988,5.5,2.121000051
6.txt,197.0,17.0,3,91.10399628,2.279999971,2.835981862306241,11.76500034,1.381500006,228.42667261666668,18.61266708466667,0.164499998,0.2286666656666666,-0.1856367700590099,0.125,0.5,0.938000023,8.5,2.121000051
60.txt,173.0,12.0,1,79.30899811,2.275000095,-0.7054248967117047,14.41699982,2.1355000134999997,229.28700511333332,5.7803332,0.1290000005,0.1579999973333333,0.0258627417683329,0.200000003,0.5,1.0,6.0,2.828000069
60.txt,147.0,9.0,2,74.69000244,2.213999987,-1.442659081786246,16.33300018,2.516000062,229.02500153333335,11.338000137666668,0.0940000005,,,0.0,0.800000012,0.813000023,4.5,0.707000017
60.txt,207.0,15.0,3,56.79899979,2.349999905,0.0546384235399131,13.86699963,1.902499944,228.6636708433333,12.882333913666669,0.1345000045,0.3653333336666666,0.0368786105367231,0.5,0.166999996,0.75,7.5,2.121000051
61.txt,196.0,14.0,1,67.5739975,2.308000088,3.6295289515236537,,,,,,0.2396666703333333,-0.1731232497634047,0.0,0.375,0.88499999,7.0,2.828000069
61.txt,236.0,18.0,2,69.23999786,2.305000067,1.5753801226163375,13.11100006,1.972500026,230.22600303333337,7.062000273333333,0.129999999,0.3589999973333333,-0.1301948468813472,0.0,0.666999996,0.824000001,9.0,2.828000069
61.txt,187.0,13.0,3,89.82800293,2.118999958,-6.323287315684539,14.53800011,2.620000124,219.25133769333337,10.694999693333337,0.112000003,0.2556666683333333,0.1051350973029779,0.0,0.5,0.916999996,6.5,2.121000051
62.txt,154.0,13.0,1,100.6029968,2.453999996,5.2331717087573395,11.92300034,1.8949999955,212.12133278,12.987333933333334,0.134999998,0.267333336,-0.1069274531191678,0.666999996,0.333000004,0.791999996,6.5,2.121000051
62.txt,193.0,13.0,2,89.74199677,2.325999975,3.5807848459768508,14.92300034,2.4279999735,243.52367145,6.908333301,0.098999999,0.403000002,-0.0886520788190443,0.143000007,0.166999996,0.875,6.5,3.536000013
62.txt,225.0,10.0,3,99.2009964,1.889000058,-9.0514618630788,,,,,,,,,,,5.0,1.414000034
63.txt,239.0,10.0,1,79.2559967,2.390000105,4.565191797524662,,,,,,,,0.666999996,0.5,0.944000006,5.0,0.0
63.txt,172.0,13.0,2,77.66699982,2.35800004,0.7910532944680284,13.23099995,1.4075000285,236.43399810666665,5.813999813333333,0.1150000019999999,0.3253333323333333,0.0507424899824372,0.75,0.100000001,0.916999996,6.5,0.707000017
63.txt,212.0,17.0,3,92.59700012,2.388999939,4.53250727898596,12.64700031,2.6134999100000003,223.2703323433333,11.00633335,0.166000001,0.313666669,0.1501951057827999,0.166999996,0.25,0.938000023,8.5,0.707000017
64.txt,195.0,15.0,1,86.58799744,2.397000074,1.2772534065275067,13.06700039,1.784500033,222.22233581666669,10.256333353333334,0.1295000015,0.2590000033333333,0.0621978018475908,0.25,0.111000001,0.82099998,7.5,0.707000017
64.txt,143.0,10.0,2,88.59600067,2.335000038,3.828655484856952,14.30000019,2.8790000974999996,233.09999847666668,4.6620000206666665,0.1314999985,0.2270000029999999,-0.0986583781343165,0.5,0.375,0.666999996,5.0,1.414000034
64.txt,193.0,16.0,3,85.00900269,2.124000072,-3.967906531796416,12.06299973,1.6954999865,252.15867103333335,8.63566653,0.150500007,0.208333336,-0.0806808558479833,0.166999996,0.231000006,0.899999976,8.0,1.414000034
65.txt,237.0,20.0,1,93.72799683,2.308000088,1.4732451891893843,11.94999981,2.046999991,210.97066497333333,5.626000086666667,0.1840000004999999,0.254666671,0.0706452402399064,0.333000004,0.153999999,0.788999975,10.0,1.414000034
65.txt,223.0,16.0,2,,,,,,,,,0.1576666683333333,-0.2104631005651121,0.090999998,0.273000002,0.899999976,8.0,5.657000065
65.txt,232.0,21.0,3,74.4509964,2.471999884,7.262447463440125,11.14299965,2.1535000505,235.63233439333337,12.930999756666669,0.1909999995,0.2376666703333333,-0.1759952147069919,0.375,0.416999996,0.824999988,10.5,0.707000017
66.txt,232.0,16.0,1,86.97299957,2.440999985,1.715415964941613,14.56299973,2.1215000005,234.1953328333333,8.620666664333333,0.1195,0.3220000043333333,0.2269094074947665,0.444000006,0.545000017,0.666999996,8.0,1.414000034
66.txt,143.0,8.0,2,76.91600037,2.447000027,0.3998479655002569,,,,,,,,,,,4.0,2.828000069
66.txt,197.0,20.0,3,108.3860016,2.259000063,-3.40985779797748,9.899999619,1.708499998,219.96600087333331,16.92033354666667,0.1985,0.142000003,-0.2332502524070133,0.077,0.100000001,0.842000008,10.0,1.414000034
67.txt,,,1,74.19999695,2.181999922,0.8280955910875463,11.26099968,1.602499962,226.09800212666664,5.167999903666667,0.1574999985,0.299333339,-0.0145456014792972,0.0,0.100000001,0.908999979,,
67.txt,140.0,10.0,2,,,,,,,,,0.3926666676666666,0.1506055685144827,0.125,0.375,1.0,5.0,1.414000034
67.txt,200.0,11.0,3,,,,18.18199921,3.0365000364999997,201.66666666666663,8.333333333333334,0.081500001,,,0.143000007,0.166999996,1.0,5.5,2.121000051
68.txt,203.0,20.0,1,68.87400055,2.434000015,1.34470350189234,,,,,,0.237666674,-0.1303623924655828,0.082999997,0.063000001,0.842000008,10.0,4.243000031
68.txt,158.0,14.0,2,68.59999847,2.438999891,4.734426624795773,11.28600025,1.933000058,251.05466716666663,10.548333325333331,0.138000004,0.2413333283333333,-0.0219890778256169,0.100000001,0.25,0.922999978,7.0,2.828000069
68.txt,249.0,14.0,3,,,,17.85700035,3.0210000575,203.4803314,4.016000113333333,0.097999997,0.3199999953333333,0.0978518921638386,0.25,0.57099998,1.0,7.0,0.0
69.txt,234.0,14.0,1,89.41100311,2.243000031,-1.5757185689056712,16.7140007,2.3259999455,220.79766590666668,11.396333696,0.1065,0.272000007,-0.1262810015850959,0.57099998,0.333000004,0.768999994,7.0,2.828000069
69.txt,149.0,9.0,2,80.43699646,2.40899992,1.424923322544558,16.77799988,3.2249999645,217.0020039866667,8.948333582,0.1059999985,0.4629999996666666,0.4452122844804896,0.75,0.333000004,1.0,4.5,0.707000017
69.txt,278.0,14.0,3,,,,20.2140007,3.486499995,218.22566733333335,10.791333197999998,0.1105000005,0.268333336,0.1120154973472851,0.333000004,0.333000004,0.962000012,7.0,0.0
7.txt,147.0,10.0,1,86.15299988,2.328000069,4.736870366954292,,,,,,0.3800000003333333,0.1624244142963827,0.625,0.333000004,1.0,5.0,0.0
7.txt,111.0,10.0,2,93.81800079,2.355000019,0.1827121979426067,10.89999962,2.4334999025000004,216.21599576666668,6.005999883333334,0.1685000065,0.289666665,0.011359304833641,0.25,0.300000012,0.944000006,5.0,2.828000069
7.txt,212.0,10.0,3,102.0680008,2.160000086,-2.658813018015479,21.29999924,2.586000055,210.69199880333335,17.295666696,0.0819999985,0.350666667,0.25611360274213,0.42899999,0.143000007,1.0,5.0,0.0
70.txt,192.0,14.0,1,89.10099792,2.361999989,3.412089109831427,13.71399975,1.9990000125,213.54166412666663,5.208333333333333,0.0984999984999999,0.289999992,-0.0159291779896103,0.166999996,0.090999998,0.922999978,7.0,1.414000034
70.txt,163.0,11.0,2,73.67700195,2.177000046,-0.7170644388528729,14.81799984,2.4979998765,216.76866913333333,4.090000153333333,0.1160000005,0.4173333246666666,0.3378916038016003,0.333000004,0.333000004,0.800000012,5.5,0.707000017
70.txt,268.0,15.0,3,99.46800232,1.886999965,-10.74639953084658,17.86700058,2.8650000395,228.8556671,8.706333319333334,0.132000003,0.2316666593333333,0.0133002415853719,0.166999996,0.5,0.893000007,7.5,2.121000051
71.txt,185.0,13.0,1,,,,14.15400028,2.161000043,214.41467283333336,5.40500021,0.1195,0.2923333323333333,0.0107722331410866,0.713999987,0.333000004,0.875,6.5,2.121000051
71.txt,187.0,17.0,2,63.42200089,2.450999975,3.640654441776917,11.05900002,1.1994999945,229.94667433666663,14.260332743333333,0.1669999955,0.4370000063333333,0.1826819608580165,0.5,0.286000013,0.75,8.5,3.536000013
71.txt,238.0,11.0,3,,,,21.63599968,3.4619999530000003,218.48766583333335,8.403333026666667,0.072000001,0.3516666639999999,0.1372554216895579,,,,5.5,0.707000017
72.txt,240.0,21.0,1,74.20700073,2.306999922,0.976029862163287,11.4289999,2.0499999525,230.5556665933333,6.944666545666667,0.1735000015,0.241333337,-0.0854378416071631,0.363999993,0.583000004,0.899999976,10.5,0.707000017
72.txt,154.0,15.0,2,79.6210022,2.375,5.04452281528647,10.2670002,1.766500056,222.943662,12.987333776,0.18,0.1269999976666666,-0.2762715628571131,0.0,0.0,0.786000013,7.5,3.536000013
72.txt,248.0,15.0,3,,,,16.53300095,2.3569999935,243.27933756666667,6.720666408333334,0.130000003,0.227333331,-0.0758146112345229,0.0,0.42899999,0.82099998,7.5,2.121000051
73.txt,241.0,14.0,1,95.1969986,2.421999931,4.204964067446113,17.2140007,1.815999955,221.29999540333333,8.298666636,0.096499998,0.4086666753333333,0.1456518490099112,0.625,0.356999993,0.653999984,7.0,0.0
73.txt,196.0,20.0,2,87.0019989,2.321000099,3.663259004344482,9.850000381,1.534500003,250.00000510000004,5.10199992,0.158500001,0.283000007,-0.1452857783178288,0.25,0.181999996,0.921000004,10.0,4.243000031
73.txt,256.0,11.0,3,,,,,,,,,,,0.400000006,0.713999987,0.850000024,5.5,0.707000017
74.txt,146.0,14.0,1,101.0210037,2.332000017,0.937149305317334,10.4289999,1.555000007,210.04566444666668,6.849333446666667,0.153499998,0.1113333353333333,-0.3422418228068733,0.333000004,0.0,0.846000016,7.0,4.243000031
74.txt,164.0,18.0,2,85.9240036,2.40199995,0.4906849765647934,,,,,,0.1863333286666666,-0.0694122322555375,0.077,0.111000001,0.882000029,9.0,2.828000069
74.txt,218.0,13.0,3,87.46199799,2.102999926,-3.1719024494459234,16.7689991,3.7875000235,227.82865907333337,10.703333536333332,0.1510000005,0.3153333316666667,0.1745280007235794,0.0,0.125,0.833000004,6.5,0.707000017
75.txt,169.0,17.0,1,104.3460007,2.411999941,3.8171771266005265,9.940999985,1.6859999895000002,218.93500520666663,5.916999816666666,0.1499999985,0.1993333326666666,-0.231732108367242,0.082999997,0.111000001,0.938000023,8.5,0.707000017
75.txt,163.0,18.0,2,,,,9.111000061,2.1055000125,216.7690048333333,14.315000536333336,0.1939999985,0.178999995,-0.3869225870624571,0.082999997,0.800000012,0.940999985,9.0,4.243000031
75.txt,241.0,14.0,3,,,,17.2140007,2.4050000605,236.51466373333335,8.298999786,0.111999996,0.27366666,-0.0872142944046883,0.0,0.333000004,0.808000028,7.0,4.243000031
76.txt,238.0,15.0,1,73.40299988,2.463000059,7.966087519925537,15.86699963,1.160000026,231.09267171,11.204666454,0.101999998,0.3630000056666666,0.1535413109644247,0.25,0.444000006,0.856999993,7.5,0.707000017
76.txt,229.0,13.0,2,91.23600006,2.069000006,-5.661469453525456,17.61499977,1.612500042,221.25166575666665,13.100666998666666,0.0650000015,0.4139999993333333,0.2639356896000975,0.0,0.0,0.875,6.5,0.707000017
76.txt,261.0,14.0,3,,,,,,,,,0.2836666579999999,0.1332640814925699,0.090999998,0.333000004,0.922999978,7.0,1.414000034
77.txt,175.0,14.0,1,68.25499725,2.309000015,5.382945922276633,12.5710001,1.3309999405,230.47633110333337,7.619000116666666,0.137000002,0.4176666659999999,0.2333114077704945,0.0,0.0,0.922999978,7.0,0.0
77.txt,130.0,12.0,2,62.84700012,2.305999994,0.8248002695087138,10.83300018,1.509499997,212.82033537333336,7.692333219999999,0.1845000015,0.2676666653333333,0.1833124646140583,0.111000001,0.0,1.0,6.0,4.243000031
77.txt,264.0,13.0,3,105.9079971,2.099999905,-7.1297095019590415,20.30800056,3.026499897,222.2223332666667,7.575666426666667,0.0890000015,,,0.200000003,0.875,0.958000004,6.5,2.121000051
78.txt,257.0,18.0,1,,,,14.27799988,1.8444999755,228.27532703333335,6.485000134666667,0.135499999,0.2439999953333333,-0.047654659913074,0.077,0.125,0.675999999,9.0,1.414000034
78.txt,118.0,8.0,2,105.5950012,2.414999962,3.3344157071523313,14.875,3.2190000115,192.0903269733333,5.650000253999999,0.0830000005,0.3833333353333333,-0.019542285028952,0.75,0.5,0.643000007,4.0,2.828000069
78.txt,233.0,12.0,3,97.42700195,2.061000109,-10.425818982925698,19.41699982,2.3410000205,238.91266883333333,8.583666482333333,0.0595000015,,,,,,6.0,1.414000034
79.txt,196.0,13.0,1,98.17099762,2.203999996,1.0277869526961183,15.23099995,1.8189999465,227.89132943333337,3.4013334900000003,0.124999996,0.2946666676666666,0.0017410974003837,0.0,0.25,0.833000004,6.5,0.707000017
79.txt,176.0,12.0,2,95.18099976,2.280999899,-0.739188702284622,14.66699982,2.171999991,200.75766247,5.68200016,0.129499994,0.3493333263333333,0.0585405800541746,,,,6.0,1.414000034
79.txt,259.0,15.0,3,95.48400116,2.065999985,-2.7455518131232424,17.2670002,2.2770000395,220.07700603333333,9.009000144,0.09,0.3043333393333333,-0.024192627445418,0.25,0.363999993,0.963999987,7.5,0.707000017
8.txt,172.0,15.0,1,79.10700226,2.178999901,3.0303942431339266,11.46700001,1.8910000025,230.62000274,7.752000173333333,0.1264999995,0.342666673,0.0768974955270301,0.0,0.125,0.75,7.5,3.536000013
8.txt,155.0,13.0,2,64.17299652,2.348999977,4.974957048914661,11.92300034,1.818999976,221.50533294666664,10.752666473333337,0.1224999985,0.297333335,0.1018060768154784,0.0,0.0,0.916999996,6.5,3.536000013
8.txt,242.0,16.0,3,73.25099945,2.142999887,-8.476990911765967,15.25,2.9300000964999997,227.27266693333337,9.641666412666668,0.109499998,,,0.400000006,0.625,0.800000012,8.0,0.0
80.txt,155.0,9.0,1,74.30500031,2.525000095,3.719108305276251,17.33300018,2.701499939,215.05366516666663,6.451666673666666,0.129499994,,,0.800000012,0.166999996,0.875,4.5,2.121000051
80.txt,157.0,11.0,2,79.15699768,2.131000042,-0.9511652864852352,14.18200016,2.467500001,220.80666605666667,2.122999986,0.173499994,0.2770000073333333,0.1181088937550257,0.143000007,0.333000004,1.0,5.5,0.707000017
80.txt,292.0,13.0,3,92.84700012,2.147000074,-4.30590861939001,22.46199989,3.144999951,234.01799516666668,11.415666421333333,0.0890000015,0.2520000016666666,0.1012864690066788,0.222000003,0.666999996,0.791999996,6.5,0.707000017
81.txt,186.0,15.0,1,80.07499695,2.410000086,1.844513548659549,12.39999962,1.8444999455,240.14333596333336,14.336999893333331,0.149500005,0.2203333353333333,-0.0571889064932952,0.125,0.286000013,0.786000013,7.5,2.121000051
81.txt,244.0,20.0,2,96.09400177,2.280999899,3.141870435007661,12.25,2.239499986,218.57932788666668,8.196666876666667,0.153000005,0.1626666686666666,-0.1396282656918899,0.307999998,0.600000024,0.815999985,10.0,2.828000069
81.txt,243.0,12.0,3,103.461998,2.084000111,-5.558926256263163,20.25,3.467000097,213.99200187,12.345333098,0.092,0.4523333363333333,0.1205858242888923,0.222000003,0.713999987,0.908999979,6.0,1.414000034
82.txt,229.0,18.0,1,108.9779968,2.217000008,-3.975643264521466,12.72200012,2.2569999995,227.07433573333333,7.278000195333334,0.1175000035,0.299333334,-0.1553092497806423,0.090999998,0.333000004,0.764999986,9.0,1.414000034
82.txt,178.0,12.0,2,74.06400299,2.424000025,1.1528522137523254,14.83300018,1.5450000165,226.59200284333335,11.23600006,0.085499998,0.272666658,0.0073374185713411,0.0,0.0,0.864000022,6.0,2.828000069
82.txt,289.0,16.0,3,90.67700195,2.032000065,-6.2627555312953405,,,,,,0.2946666703333333,-0.1377921666859399,0.5,0.455000013,0.933000028,8.0,0.0
83.txt,195.0,15.0,1,76.37400055,2.448999882,6.973885661004658,13.13300037,1.8879999815,218.80333965,6.837666671,0.1494999975,0.353666673,0.0479320321333546,0.25,0.200000003,0.75,7.5,0.707000017
83.txt,191.0,20.0,2,75.53900146,2.329999924,4.958983931248326,9.550000191,1.6339999735,244.32832843666665,10.471333187,0.156000003,0.2333333316666666,-0.1476046261919625,0.153999999,0.214000002,0.921000004,10.0,5.657000065
83.txt,194.0,11.0,3,108.8320007,2.019999981,-3.944792561631488,17.63599968,2.4755000469999997,214.77633664,6.872999986666667,0.1044999995,0.2283333416666666,0.0744297761510053,0.333000004,0.375,0.800000012,5.5,2.121000051
84.txt,214.0,15.0,1,74.3219986,2.434999943,3.775136605691486,14.2670002,1.7240000365,235.20233152,7.788000106666666,0.1175,0.224999999,-0.1541307578279972,0.625,0.5,0.92900002,7.5,2.121000051
84.txt,164.0,12.0,2,64.81800079,2.332999945,0.2781363133425572,13.66699982,1.8819999695,215.44733430333335,6.097666579999999,0.157499999,0.2966666643333334,0.0461565078027463,0.42899999,0.666999996,0.954999983,6.0,1.414000034
84.txt,233.0,14.0,3,83.23799896,2.190999985,-2.4268357416547133,16.64299965,3.0014999510000004,221.74532573333332,10.014333090333333,0.084999997,0.3246666589999999,0.0848130124162808,0.143000007,0.222000003,0.691999972,7.0,1.414000034
85.txt,,,1,74.48799896,2.371000051,2.3709076017200488,11.17399979,1.3839999435,204.9286740566667,5.188000043333333,0.1435,0.2990000049999999,0.0484294788051733,0.294,0.416999996,0.885999978,,
85.txt,181.0,13.0,2,,,,,,,,,0.2280000003333333,0.1128420142428192,0.286000013,0.200000003,1.0,6.5,0.707000017
85.txt,234.0,20.0,3,91.36499786,2.285000086,-1.39079022778364,11.69999981,2.0000000595,222.22232816666664,14.245000203333332,0.1719999985,0.2333333343333333,-0.2043524028131523,0.111000001,0.286000013,0.788999975,10.0,2.828000069
86.txt,223.0,17.0,1,84.14800262,2.338999987,2.688638680815856,13.11800003,1.948999971,239.16299946666663,4.484333356666666,0.131999999,0.2569999993333333,0.0154729840892999,0.231000006,0.231000006,0.906000018,8.5,0.707000017
86.txt,231.0,10.0,2,,,,,,,,,0.2076666653333333,0.1584779821911399,0.42899999,0.600000024,1.0,5.0,1.414000034
86.txt,251.0,14.0,3,80.28399658,2.056999922,-5.09969244532148,17.92900085,3.4225000145,215.13966370666665,6.639999946,0.1135000029999999,0.3703333386666667,0.295377418532592,0.300000012,0.444000006,1.0,7.0,1.414000034
87.txt,211.0,18.0,1,105.2509995,2.332999945,-2.149462183211199,11.72200012,1.722000003,222.74899800000003,7.898666858000001,0.1625000015,0.2490000003333333,-0.0534118545464818,0.200000003,0.200000003,0.882000029,9.0,0.0
87.txt,253.0,14.0,2,,,,18.14299965,2.279500008,231.88400013333333,15.810667039333334,0.087000001,0.2679999966666667,0.0034227914615194,0.143000007,0.222000003,0.808000028,7.0,0.0
87.txt,246.0,17.0,3,105.7369995,2.023999929,-6.701629510793609,14.47099972,3.063000053,205.96233876666665,16.259999908,0.109000001,0.148333331,-0.2436945871415939,0.0,0.0,0.813000023,8.5,3.536000013
88.txt,167.0,10.0,1,,,,16.70000076,3.1444999575,213.57266744333333,7.984000205333333,0.1085,0.3390000016666667,0.327207699513697,,,,5.0,4.243000031
88.txt,225.0,15.0,2,,,,,,,,,0.2200000013333333,-0.2379349061691699,0.111000001,0.111000001,0.786000013,7.5,2.121000051
88.txt,245.0,16.0,3,,,,15.375,1.684499979,214.96599831,2.7213331860000003,0.072000001,0.2593333373333333,-0.2259961057129332,0.333000004,0.5,0.866999984,8.0,5.657000065
89.txt,168.0,15.0,1,69.35800171,2.375999928,3.3501724060002687,11.19999981,1.911499977,224.20633699333337,5.952333290333333,0.192999996,0.2579999936666666,0.0876815892027301,0.444000006,0.444000006,0.893000007,7.5,0.707000017
89.txt,230.0,17.0,2,111.3069992,2.028000116,-10.23137581061249,13.52900028,2.2519999740000003,231.88399503333335,2.8986666999999997,0.1280000025,0.1686666683333333,-0.2398440199811941,0.222000003,0.25,0.843999982,8.5,3.536000013
89.txt,277.0,15.0,3,,,,18.46699905,2.2805000545,238.26700083333333,9.626666465,0.079,0.2229999996666666,-0.0167504308066368,0.181999996,0.856999993,0.856999993,7.5,3.536000013
9.txt,195.0,14.0,1,97.65799713,2.332000017,0.4604769495004603,14.0,1.642999947,232.47867076666668,6.837333045333334,0.1125000005,0.295000002,0.0142456470806831,0.143000007,0.273000002,0.88499999,7.0,4.243000031
9.txt,133.0,10.0,2,69.71499634,2.246999979,-0.9653185958359104,13.30000019,2.785999894,225.5639979,10.024999937666664,0.1930000035,0.378666669,0.2390785637458838,0.25,0.222000003,0.777999997,5.0,1.414000034
9.txt,180.0,14.0,3,105.8420029,2.40199995,1.3931479145425243,12.9289999,2.614499986,207.40733337333333,12.96299998,0.1250000035,0.2290000023333333,-0.0225420371267821,0.166999996,0.375,0.808000028,7.0,1.414000034
90.txt,191.0,16.0,1,80.32700348,2.309000015,0.1536983330889683,12.0,1.620999992,230.36633299999997,6.980999947000001,0.136,0.2753333326666666,-0.1963218786103197,0.111000001,0.25,0.899999976,8.0,2.828000069
90.txt,229.0,17.0,2,,,,13.47099972,1.8905000685,203.78433737666668,2.911333402,0.1144999975,0.1453333336666666,-0.2194636489644837,0.100000001,0.200000003,0.906000018,8.5,3.536000013
90.txt,251.0,10.0,3,,,,,,,,,,,,,,5.0,0.0
91.txt,143.0,14.0,1,94.57900238,2.280999899,-3.1579441464980533,,,,,,0.2076666626666666,-0.0749057009747341,0.125,0.100000001,0.808000028,7.0,1.414000034
91.txt,244.0,10.0,2,96.05899811,1.932999969,-6.60496476493536,,,,,,0.273666665,0.1364974534641627,,,,5.0,0.0
91.txt,243.0,9.0,3,,,,,,,,,,,0.200000003,0.833000004,0.75,4.5,0.707000017
92.txt,267.0,20.0,1,115.9349976,2.411999941,3.3024427284427844,13.35000038,2.2485000195,209.73799642333336,11.235999741666664,0.0995000004999999,0.168666671,-0.144318063821902,0.5,0.5,0.842000008,10.0,4.243000031
92.txt,221.0,12.0,2,91.31999969,2.255000114,-3.002843759718047,18.41699982,2.3235000075,209.65299862000003,9.049666723333331,0.0879999995,0.3173333356666666,-0.1029821934029264,0.143000007,0.5,1.0,6.0,1.414000034
92.txt,237.0,11.0,3,91.33899689,2.09100008,-4.92445501324319,,,,,,0.3303333296666667,-0.0468241746544387,0.0,0.200000003,0.949999988,5.5,2.121000051
93.txt,223.0,20.0,1,88.85900116,2.322999954,-1.666046475069706,11.19999981,1.350500047,231.68899789333332,11.958333334333332,0.158,0.236666677,0.0426383620406717,0.57099998,0.25,0.973999977,10.0,1.414000034
93.txt,260.0,15.0,2,92.61000061,2.134000063,-5.2598496436824576,17.33300018,2.181999952,238.4613266,14.102332989333334,0.0955,0.2913333303333333,0.2124872285038954,0.25,0.375,0.856999993,7.5,3.536000013
93.txt,292.0,22.0,3,91.26499939,2.207000017,-0.4324510855419419,13.27299976,1.893999994,208.90433754,5.707666396666667,0.1085,0.2040000036666666,-0.0907657456272064,0.200000003,0.231000006,0.92900002,11.0,2.828000069
94.txt,176.0,9.0,1,79.15100098,2.201999903,-1.973121196116395,19.55599976,2.51000011,246.21199543333333,3.788000106666667,0.0840000025,0.3403333326666666,0.2270746109916805,0.600000024,0.222000003,0.875,4.5,0.707000017
94.txt,251.0,16.0,2,97.04299927,2.130000114,-2.348779954071645,15.625,3.7044999895,233.73199969999996,13.28000005,0.1214999965,0.256333331,-0.0668240528739311,0.214000002,0.5,0.866999984,8.0,1.414000034
94.txt,250.0,16.0,3,114.151001,2.052000046,-5.628037596906438,15.625,2.824000001,218.66666666666663,2.6666666666666665,0.1059999985,0.2053333373333333,-0.1289820154926191,0.400000006,0.222000003,0.666999996,8.0,2.828000069
95.txt,214.0,15.0,1,68.79199982,2.461999893,6.23770858730127,14.46700001,2.52700001,228.97166952,14.018666903333331,0.137000002,0.4499999976666666,0.1925283604168707,0.57099998,0.444000006,0.75,7.5,0.707000017
95.txt,230.0,13.0,2,93.58100128,2.009000063,-8.965549014176084,17.69199944,3.406000108,227.53633116666663,13.043333529999998,0.1165000015,0.3806666683333333,0.0570263799513496,0.0,0.833000004,1.0,6.5,2.121000051
95.txt,257.0,14.0,3,81.84999847,2.207999945,-2.1417971420952,18.35700035,2.518999934,216.60166167333333,18.158333143333333,0.1150000019999999,0.266000003,0.1440843545994554,0.363999993,0.375,0.922999978,7.0,2.828000069
96.txt,187.0,20.0,1,83.43599701,2.289999962,4.286241615801487,,,,,,0.219333342,-0.1430986204011914,0.125,0.125,0.684000015,10.0,1.414000034
96.txt,234.0,18.0,2,,,,13.0,3.1755000355000003,230.7693303333334,2.849333445333333,0.153499998,0.2949999993333333,-0.016016032991882,0.0,0.625,0.971000016,9.0,1.414000034
96.txt,249.0,13.0,3,96.38800049,2.194999933,-3.611515603108259,19.15399933,2.1070000529999997,227.57700093333335,13.386666297333337,0.1015000004999999,0.3460000006666666,0.1774293561122008,0.125,0.166999996,0.875,6.5,0.707000017
97.txt,300.0,15.0,1,86.46299744,2.453000069,4.628156288149981,20.13299942,3.0130001005,216.66666920666668,7.777666648333334,0.087500002,0.3096666636666667,0.0478131704419048,0.222000003,0.25,0.893000007,7.5,3.536000013
97.txt,286.0,15.0,2,88.7009964,1.998999953,-8.700424271678934,18.93300056,2.5500001015,222.6109975333333,15.151666640333334,0.0694999994999999,0.3239999986666667,0.166822455287841,,,,7.5,0.707000017
97.txt,252.0,12.0,3,92.83899689,2.174999952,-4.038332203117548,,,,,,0.4296666733333333,0.1923698351048094,,,,6.0,1.414000034
98.txt,192.0,13.0,1,109.7279968,2.328000069,3.484048915388044,14.84599972,2.516500056,223.95800526,17.36100006,0.103500001,,,0.181999996,0.5,0.75,6.5,2.121000051
98.txt,265.0,10.0,2,,,,,,,,,,,0.0,0.0,0.888999999,5.0,0.0
98.txt,192.0,14.0,3,,,,,,,,,0.1173333326666666,-0.2351255655467545,0.111000001,0.400000006,0.846000016,7.0,1.414000034
99.txt,184.0,16.0,1,100.3339996,2.260999918,1.4688401142269214,11.625,2.061999977,222.8263346,9.058000246666667,0.151999995,0.18166667,-0.0341396932108517,0.0,0.300000012,0.866999984,8.0,1.414000034
99.txt,250.0,11.0,2,,,,,,,,,,,0.5,0.600000024,0.899999976,5.5,2.121000051
99.txt,207.0,11.0,3,,,,18.81800079,3.3270001115000003,204.50900269,8.051666577333334,0.1170000025,0.3803333393333334,0.2563993184811223,0.0,0.5,0.800000012,5.5,0.707000017
