文本编号,单词数量-DESWC-03,句子数量-DESSC-02,年级,多样性-LDVOCDa（51）,密度-WRDFRQC（94）,复杂度-K1,复杂度-K2,复杂度-K3,复杂度-K4,复杂度-K5,复杂度-K6+,短语长度-SYNLE（69）,短语长度-SYNNP（70）,短语密度-DRNP（76）,短语密度-DRVP（77）,短语密度-DRPP（79）,句子长度-DESSL（06）,句子结构-DRPVAL（80）,句子结构-DRNEG（81）,句子结构-DRINF（83）,句法相似-SYNSTRUTa（74）,句法相似-SYNSTRUTt（75）,局部连贯-CRFAO1（29）,局部连贯-CRFSO1（30）,局部连贯-LSASS1(40),整体连贯-CRFAOa（32）,整体连贯-CRFSOa（33）,整体连贯-LSASSp（42）,整体连贯-LSAPP1（44）,整体连贯-LSAGN（46）,因果衔接-SMCAUSr-64,意图衔接-SMINTEr-65,时体衔接-SMTEMP-68,段落平均长度-DESPL-04,段落平均长度标准差-DESPLd-05
1.txt,152,14,1,59.24900055,2.395999908,92.903,3.226,3.226,0.645,0.0,0.0,2.071000099,0.488000005,309.2109985,296.053009,59.21099854,11.0,13.15799999,6.578999996,26.31599998,0.167999998,0.172999993,0.61500001,0.153999999,0.179000005,0.776000023,0.128999993,0.188999996,0.488000005,0.305999994,0.200000003,0.300000012,0.922999978,7.0,0.0
1.txt,151,12,2,66.0510025,2.302000046,88.0,6.667,2.667,1.333,0.667,0.667,2.917000055,0.73299998,324.5029907,211.9210052,99.33799744,12.58300018,0.0,6.623000145,19.86800003,0.138999999,0.143999994,0.545000017,0.090999998,0.143000007,0.61500001,0.246000007,0.197999999,0.601000011,0.32100001,0.713999987,0.555999994,0.908999979,6.0,0.0
1.txt,199,10,3,100.0490036,2.029999971,81.0,9.0,6.0,2.5,1.5,0.0,6.900000095,0.836000025,326.6329956,211.0549927,90.45200348,20.0,0.0,20.10099983,20.10099983,0.064000003,0.068999998,0.888999999,0.111000001,0.090999998,0.911000013,0.222000003,0.145999998,0.56099999,0.261000007,0.166999996,0.5,1.0,5.0,0.0
10.txt,193,17,1,89.56600189,2.27699995,88.144,6.186,2.062,3.093,0.0,0.0,2.529000044,0.672999978,316.0620117,238.3419952,93.26399994,11.4119997,0.0,10.36299992,15.54399967,0.160999998,0.162,0.437999994,0.063000001,0.043000001,0.547999978,0.112999998,0.090999998,0.688000023,0.272000015,0.333000004,0.222000003,0.75,8.5,0.707000017
10.txt,182,14,2,81.03500366,2.095000029,83.607,6.011,6.011,2.186,1.639,0.546,3.642999887,0.643999994,390.1099854,252.746994,104.3960037,13.0,5.494999886,0.0,32.96699905,0.144999996,0.137999997,0.462000012,0.231000006,0.128000006,0.352999985,0.118000001,0.136000007,0.231999993,0.252000004,0.0,0.555999994,1.0,7.0,4.243000031
10.txt,191,18,3,105.4850006,2.301000118,86.979,8.333,3.646,1.042,0.0,0.0,3.721999884,0.643000007,329.8429871,267.0159912,68.06300354,10.66699982,0.0,20.94199944,20.94199944,0.164000005,0.163000003,0.412,0.0,0.061000001,0.407999992,0.088,0.086000003,0.338999987,0.250999987,0.111000001,0.143000007,0.764999986,9.0,1.414000034
100.txt,202,17,1,106.9749985,2.260999918,84.653,8.416,3.96,1.485,1.485,0.0,2.70600009,0.592999995,351.4849854,242.5740051,99.01000214,11.88199997,9.901000023,9.901000023,24.75200081,0.163000003,0.164000005,0.437999994,0.125,0.082000002,0.522000015,0.052000001,0.081,0.246000007,0.232999995,0.100000001,0.166999996,0.875,8.5,0.707000017
100.txt,306,18,2,99.04299927,2.012000084,78.689,7.541,5.574,2.623,1.967,3.607,3.611000061,1.052999973,287.5820007,212.4179993,94.77100372,17.05599976,6.535999775,6.535999775,13.07199955,0.092,0.086000003,0.647000015,0.175999999,0.098999999,0.536000013,0.159999996,0.104000002,0.620000005,0.247999996,0.0,0.833000004,0.912,9.0,4.243000031
100.txt,244,18,3,107.7249985,2.246000051,86.122,7.347,3.265,1.224,1.224,0.408,4.943999767,0.538999975,344.2619934,254.0980072,77.8690033,13.55599976,4.09800005,12.29500008,28.68899918,0.109999999,0.128000006,0.412,0.118000001,0.085000001,0.432000011,0.056000002,0.07,0.372999996,0.214000002,0.375,0.57099998,0.764999986,9.0,4.243000031
11.txt,189,16,1,77.30200195,2.480000019,87.5,6.25,1.562,0.0,1.042,0.521,1.812999964,0.44600001,333.3330078,291.0050049,89.9469986,11.875,0.0,10.58199978,21.16399956,0.150000006,0.130999997,0.600000024,0.067000002,0.119000003,0.666999996,0.037999999,0.120999999,0.30399999,0.273000002,0.25,0.363999993,0.933000028,8.0,4.243000031
11.txt,199,14,2,69.28099823,2.188999891,86.567,5.97,3.98,1.99,0.995,0.498,4.356999874,0.609000027,366.8340149,236.1809998,115.5780029,14.21399975,5.025000095,5.025000095,10.05000019,0.140000001,0.115999997,0.61500001,0.077,0.157000005,0.600000024,0.071000002,0.115999997,0.393999994,0.26699999,0.0,0.333000004,0.808000028,7.0,1.414000034
11.txt,170,13,3,62.74000168,2.138999939,81.143,10.286,5.143,1.714,1.143,0.571,4.922999859,0.916999996,323.5289917,188.2350006,82.35299683,13.0,0.0,0.0,0.0,0.175999999,0.144999996,0.666999996,0.25,0.093000002,0.666999996,0.213,0.119999997,0.36500001,0.244000003,0.0,0.0,1.0,6.5,0.707000017
12.txt,208,20,1,83.12200165,2.09800005,82.464,9.479,2.37,2.37,1.422,1.422,4.0,0.704999983,322.1149902,221.154007,81.73100281,10.44999981,0.0,9.614999771,24.03800011,0.145999998,0.159999996,0.526000023,0.104999997,0.097000003,0.393000007,0.055,0.067000002,0.449999988,0.238999993,0.300000012,0.181999996,0.947000027,10.0,2.828000069
12.txt,129,12,2,79.52300262,2.214999914,84.091,10.606,3.788,1.515,0.0,0.0,3.332999945,0.843999982,333.3330078,209.302002,108.5270004,10.75,0.0,7.751999855,31.00799942,0.148000002,0.151999995,0.363999993,0.0,0.064999998,0.368999988,0.046,0.027000001,0.287999988,0.180000007,0.125,0.222000003,0.818000019,6.0,4.243000031
12.txt,197,12,3,69.51399994,2.318000078,86.869,8.586,2.02,1.01,0.0,0.505,2.667000055,0.575999975,350.2539978,258.8829956,60.91400146,16.58300018,5.076000214,10.15200043,10.15200043,0.089000002,0.108000003,0.726999998,0.273000002,0.199000001,0.754000008,0.246000007,0.173999995,0.5,0.308999985,1.600000024,1.5,0.954999983,6.0,1.414000034
13.txt,227,15,1,94.19300079,2.359999895,89.912,7.018,1.754,0.877,0.439,0.0,3.667000055,0.718999982,339.2070007,246.6959991,92.51100159,15.33300018,0.0,13.2159996,17.62100029,0.115999997,0.097000003,0.643000007,0.0,0.112999998,0.620999992,0.041999999,0.090999998,0.547999978,0.241999999,0.200000003,0.444000006,0.856999993,7.5,2.121000051
13.txt,151,12,2,88.6210022,2.085999966,83.117,5.844,7.143,0.649,1.299,1.298,2.917000055,0.583000004,384.1059875,258.2780151,72.84799957,12.58300018,13.24499989,13.24499989,19.86800003,0.119999997,0.133000001,0.635999978,0.181999996,0.135000005,0.630999982,0.108000003,0.111000001,0.352999985,0.231999993,0.125,0.286000013,0.954999983,6.0,1.414000034
13.txt,194,18,3,73.04799652,2.203000069,83.163,9.184,5.102,1.531,1.02,0.0,2.778000116,0.740999997,335.052002,226.8040009,87.6289978,10.88899994,5.15500021,10.30900002,15.46399975,0.159999996,0.159999996,0.352999985,0.118000001,0.127000004,0.488000005,0.104000002,0.115999997,0.52700001,0.296000004,0.273000002,0.38499999,0.940999985,9.0,1.414000034
14.txt,212,14,1,82.52700043,2.240999937,89.302,6.047,1.395,1.86,1.395,0.0,3.357000113,0.522000015,363.2080078,212.2640076,136.7920074,15.14299965,4.717000008,4.717000008,9.434000015,0.116999999,0.125,0.61500001,0.0,0.172000006,0.70599997,0.152999997,0.214000002,0.384000003,0.296000004,0.166999996,0.625,0.88499999,7.0,2.828000069
14.txt,186,15,2,92.94100189,2.210000038,89.362,6.383,1.064,1.064,0.532,0.532,3.933000088,0.654999971,333.3330078,268.8169861,75.26899719,12.33300018,5.375999928,0.0,10.75300026,0.086999997,0.093000002,0.5,0.071000002,0.151999995,0.400000006,0.052999999,0.111000001,0.455000013,0.243000001,0.286000013,0.5,0.82099998,7.5,3.536000013
14.txt,180,15,3,78.30400085,2.253999949,85.635,11.05,0.552,2.21,0.552,0.0,3.799999952,0.579999983,322.2219849,238.8890076,94.44400024,11.93299961,5.556000233,16.66699982,38.88899994,0.108000003,0.115000002,0.643000007,0.0,0.071999997,0.64200002,0.021,0.071999997,0.505999982,0.246000007,0.125,0.222000003,0.713999987,7.5,2.121000051
15.txt,206,16,1,99.375,2.431999922,90.952,4.762,0.952,1.905,1.429,0.0,3.875,0.684000015,286.4079895,237.8639984,72.81600189,12.93799973,0.0,14.56299973,19.41699982,0.167999998,0.167999998,0.532999992,0.067000002,0.109999999,0.57099998,0.104999997,0.114,0.402999997,0.284000009,0.713999987,0.555999994,0.76700002,8.0,1.414000034
15.txt,197,14,2,75.21099854,2.125,84.5,6.5,5.5,2.0,1.5,0.0,3.571000099,0.643999994,319.7969971,218.2740021,131.9799957,14.0710001,0.0,0.0,10.15200043,0.143000007,0.119999997,0.462000012,0.077,0.133000001,0.481999993,0.082000002,0.150000006,0.579999983,0.296999991,0.222000003,0.090999998,0.846000016,7.0,2.828000069
15.txt,184,12,3,80.48999786,2.220000029,87.568,6.486,2.703,1.622,1.622,0.0,3.832999945,0.625,364.1300049,239.1300049,65.21700287,15.25,0.0,0.0,10.86999989,0.097999997,0.123000003,1.0,0.090999998,0.135000005,0.922999978,0.137999997,0.162,0.388000011,0.275000006,0.200000003,0.181999996,0.908999979,6.0,1.414000034
16.txt,212,11,1,96.17099762,2.339999914,90.698,5.581,2.326,0.93,0.465,0.0,2.273000002,0.600000024,325.4719849,245.2830048,94.33999634,19.27300072,0.0,0.0,14.15100002,0.093999997,0.097999997,0.800000012,0.5,0.170000002,0.654999971,0.400000006,0.167999998,0.549000025,0.298999995,0.100000001,0.375,0.949999988,5.5,0.707000017
16.txt,193,17,2,84.47799683,2.444000006,88.66,7.216,2.577,1.031,0.515,0.0,3.470999956,0.564999998,383.4200134,259.0669861,67.35800171,11.35299969,0.0,5.181000233,36.26900101,0.138999999,0.150000006,0.375,0.0,0.090000004,0.442999989,0.061000001,0.057999998,0.52700001,0.263999999,0.333000004,0.273000002,0.75,8.5,4.949999809
16.txt,191,12,3,92.07800293,2.24000001,83.77,12.042,2.618,0.0,1.571,0.0,3.667000055,0.754999995,308.901001,246.072998,104.711998,16.0,0.0,15.70699978,15.70699978,0.127000004,0.128999993,0.545000017,0.181999996,0.093000002,0.768999994,0.137999997,0.108999997,0.337000012,0.25,0.5,0.666999996,0.908999979,6.0,0.0
17.txt,164,13,1,78.78600311,2.252000093,83.636,7.273,4.242,1.212,1.212,0.606,2.691999912,0.611999989,329.2680054,189.0240021,109.7559967,12.61499977,6.09800005,6.09800005,6.09800005,0.199000001,0.191,0.666999996,0.166999996,0.147,0.666999996,0.093000002,0.092,0.481000006,0.246999994,0.400000006,0.111000001,1.0,6.5,2.121000051
17.txt,160,12,2,104.5469971,2.089999914,82.716,6.79,4.938,2.469,2.469,0.0,4.333000183,0.704999983,312.5,237.5,93.75,13.33300018,12.5,0.0,12.5,0.061000001,0.074000001,0.726999998,0.181999996,0.103,0.537999988,0.092,0.097999997,0.321999997,0.202999994,0.286000013,0.57099998,0.773000002,6.0,1.414000034
17.txt,187,11,3,98.10399628,2.065000057,80.952,11.111,3.175,2.646,2.116,0.0,4.09100008,0.672999978,358.2890015,219.2510071,101.6039963,17.0909996,0.0,21.38999939,10.69499969,0.088,0.093999997,0.699999988,0.200000003,0.158999994,0.818000019,0.217999995,0.153999999,0.495999992,0.268999994,0.166999996,0.333000004,0.899999976,5.5,0.707000017
18.txt,192,12,1,143.9420013,2.250999928,86.528,6.736,3.109,1.036,1.554,1.036,3.332999945,0.853999972,302.0830078,255.2079926,98.95800018,16.25,0.0,20.83300018,20.83300018,0.112999998,0.108999997,0.455000013,0.090999998,0.048,0.462000012,0.061999999,0.037,0.338,0.181999996,0.5,0.833000004,0.635999978,6.0,2.828000069
18.txt,189,16,2,69.88600159,2.282000065,86.243,6.878,3.175,1.058,2.116,0.0,1.625,0.828000009,354.4970093,195.7669983,105.8199997,11.81299973,0.0,5.290999889,10.58199978,0.157000005,0.142000005,0.400000006,0.067000002,0.109999999,0.381000012,0.123999998,0.125,0.561999977,0.294,0.0,0.286000013,0.967000008,8.0,2.828000069
18.txt,228,11,3,72.43499756,2.161999941,84.279,6.987,6.114,1.747,0.873,0.0,4.636000156,1.136999965,285.0880127,197.3679962,87.71900177,20.63599968,4.386000156,4.386000156,26.31599998,0.089000002,0.072999999,0.5,0.400000006,0.142000005,0.600000024,0.381999999,0.157000005,0.597000003,0.277999997,0.0,0.166999996,1.0,5.5,0.707000017
19.txt,196,14,1,113.7450027,2.171000004,82.915,10.05,3.518,1.508,1.508,0.503,3.642999887,0.559000015,341.8370056,244.897995,76.53099823,14.14299965,0.0,10.20400047,10.20400047,0.119000003,0.128999993,0.61500001,0.153999999,0.098999999,0.518000007,0.141000003,0.082000002,0.449000001,0.25,0.181999996,0.42899999,0.88499999,7.0,1.414000034
19.txt,166,14,2,84.48000336,2.138999939,83.436,9.816,3.067,1.84,0.0,1.839,3.0,0.611000001,367.4700012,265.0599976,84.33699799,11.85700035,0.0,18.0720005,30.12000084,0.149000004,0.131999999,0.768999994,0.153999999,0.127000004,0.764999986,0.165000007,0.089000002,0.39199999,0.246999994,0.400000006,0.333000004,0.808000028,7.0,2.828000069
19.txt,166,11,3,97.93800354,2.092000008,81.928,9.036,4.217,3.614,1.205,0.0,2.726999998,0.708000004,337.348999,228.9160004,114.4580002,15.18200016,0.0,18.0720005,18.0720005,0.081,0.071999997,0.800000012,0.200000003,0.187999994,0.690999985,0.108999997,0.192000002,0.398999989,0.273000002,0.400000006,0.0,1.0,5.5,0.707000017
2.txt,163,15,1,73.51599884,2.270999908,87.349,8.434,0.602,1.807,1.205,0.0,3.73300004,0.80400002,300.6130066,233.1289978,85.88999939,10.86699963,0.0,0.0,24.54000092,0.218999997,0.172999993,0.42899999,0.214000002,0.165000007,0.453000009,0.094999999,0.129999995,0.38499999,0.287999988,0.125,0.25,0.92900002,7.5,2.121000051
2.txt,155,13,2,73.56800079,2.414000034,88.462,7.051,4.487,0.0,0.0,0.0,2.691999912,0.744000018,296.7739868,264.5159912,90.32299805,12.0,0.0,6.452000141,25.80599976,0.112999998,0.118000001,0.75,0.082999997,0.07,0.680000007,0.107000001,0.089000002,0.460000008,0.252000004,0.222000003,0.666999996,0.875,6.5,2.121000051
2.txt,202,13,3,67.87400055,2.217000008,83.824,6.863,5.392,2.451,1.471,0.0,4.922999859,0.61500001,376.2380066,227.7230072,113.8610001,15.61499977,0.0,4.949999809,9.901000023,0.119999997,0.128999993,0.666999996,0.416999996,0.202000007,0.773000002,0.280000001,0.134000003,0.541000009,0.293000013,0.333000004,0.75,0.875,6.5,0.707000017
20.txt,201,15,1,135.5780029,2.121999979,88.177,3.941,2.463,1.97,1.478,1.478,5.333000183,0.643000007,313.4330139,263.6820068,74.6269989,13.60000038,4.974999905,14.92500019,14.92500019,0.112999998,0.123000003,0.286000013,0.071000002,0.090999998,0.326000005,0.094999999,0.093999997,0.300000012,0.26699999,0.5,0.363999993,0.92900002,7.5,2.121000051
20.txt,217,16,2,98.96499634,2.167999983,84.932,6.393,3.653,3.196,1.37,0.457,4.563000202,0.651000023,322.5809937,225.8059998,115.2070007,13.56299973,0.0,4.607999802,4.607999802,0.127000004,0.114,0.600000024,0.26699999,0.147,0.513999999,0.104999997,0.107000001,0.391000003,0.273999989,0.100000001,0.125,0.899999976,8.0,1.414000034
20.txt,213,13,3,62.24000168,2.226000071,86.916,6.542,4.206,1.402,0.935,0.0,4.538000107,0.698000014,352.1130066,215.9620056,136.1499939,16.46199989,0.0,4.695000172,28.16900063,0.100000001,0.094999999,0.916999996,0.583000004,0.294,0.813000023,0.360000014,0.225999996,0.677999973,0.338,0.375,0.333000004,0.833000004,6.5,0.707000017
21.txt,237,15,1,80.31999969,2.444000006,89.451,5.063,2.954,0.844,1.266,0.422,4.0,0.708000004,337.553009,248.9450073,109.7050018,15.80000019,8.43900013,8.43900013,33.75500107,0.118000001,0.138999999,0.57099998,0.214000002,0.072999999,0.504999995,0.179000005,0.071999997,0.370999992,0.254000008,0.125,0.363999993,0.92900002,7.5,0.707000017
21.txt,173,16,2,81.03500366,2.194999933,84.971,5.202,4.046,1.734,1.156,1.734,2.75,0.712000012,352.6010132,277.4570007,57.8030014,11.0,5.78000021,0.0,34.68199921,0.119000003,0.123999998,0.467000008,0.067000002,0.074000001,0.437999994,0.028999999,0.068000004,0.495000005,0.213,0.200000003,0.286000013,0.833000004,8.0,2.828000069
21.txt,250,14,3,76.62000275,2.049000025,84.0,8.0,4.0,2.4,1.6,0.0,4.071000099,0.810000002,336.0,212.0,108.0,17.85700035,4.0,0.0,16.0,0.078000002,0.094999999,0.61500001,0.231000006,0.093999997,0.564999998,0.317999989,0.141000003,0.579999983,0.277999997,0.125,3.0,0.846000016,7.0,1.414000034
22.txt,229,18,1,110.8669968,2.348999977,90.948,6.034,0.431,1.293,0.862,0.0,2.667000055,0.537999988,314.4100037,257.6419983,74.23600006,12.72200012,0.0,17.46699905,21.83399963,0.100000001,0.119000003,0.528999984,0.118000001,0.101000004,0.551999986,0.143999994,0.103,0.439999998,0.268999994,0.5,0.726999998,0.79400003,9.0,2.828000069
22.txt,165,12,2,80.32099915,2.219000101,83.133,10.241,3.614,2.41,0.602,0.0,2.75,0.660000026,351.5150146,218.1820068,121.211998,13.75,0.0,0.0,18.18199921,0.138999999,0.120999999,0.635999978,0.0,0.092,0.646000028,0.137999997,0.085000001,0.437000006,0.25,0.082999997,0.200000003,0.908999979,6.0,1.414000034
22.txt,172,10,3,81.45800018,2.197999954,86.55,8.187,3.509,0.585,1.17,0.0,5.0,0.851000011,343.0230103,232.5579987,104.651001,17.29999924,0.0,17.44199944,23.25600052,0.083999999,0.085000001,0.444000006,0.111000001,0.129999995,0.666999996,0.178000003,0.131999999,0.51700002,0.252999991,0.5,0.666999996,0.833000004,5.0,0.0
23.txt,191,16,1,125.4280014,2.415999889,88.144,6.186,3.093,1.546,0.515,0.515,1.937999964,0.518000007,335.07901,246.072998,94.24099731,11.93799973,5.236000061,5.236000061,15.70699978,0.093000002,0.112999998,0.600000024,0.0,0.064999998,0.389999986,0.086000003,0.041000001,0.233999997,0.225999996,0.625,0.5,0.933000028,8.0,0.0
23.txt,175,14,2,89.27400208,2.313999891,85.795,7.386,3.409,1.705,1.705,0.0,3.642999887,0.592999995,377.1430054,245.7140045,97.14299774,12.5,0.0,17.14299965,0.0,0.138999999,0.130999997,0.768999994,0.153999999,0.169,0.717999995,0.046999998,0.141000003,0.307000011,0.273000002,0.111000001,0.111000001,0.808000028,7.0,5.657000065
23.txt,233,14,3,108.8320007,2.315000057,85.281,6.926,3.896,1.732,0.866,0.0,3.642999887,0.657000005,364.8070068,236.052002,81.54499817,16.7859993,8.583999634,8.583999634,12.8760004,0.104999997,0.103,0.38499999,0.231000006,0.142000005,0.423999995,0.118000001,0.093999997,0.546999991,0.256999999,0.0,0.666999996,0.768999994,7.0,0.0
24.txt,244,20,1,75.04000092,2.415999889,88.571,6.939,2.449,1.224,0.408,0.408,3.599999905,0.573000014,344.2619934,266.3930054,73.77100372,12.19999981,0.0,8.19699955,32.78699875,0.123000003,0.129999995,0.632000029,0.158000007,0.166999996,0.497000009,0.097000003,0.119999997,0.536000013,0.277999997,0.181999996,0.0,0.894999981,10.0,1.414000034
24.txt,194,12,2,110.7229996,1.973999977,77.32,9.794,4.124,3.093,3.608,2.061,3.5,0.800000012,335.052002,237.1130066,87.6289978,16.16699982,5.15500021,5.15500021,15.46399975,0.126000002,0.097999997,0.455000013,0.0,0.118000001,0.430999994,0.061999999,0.116999999,0.444999993,0.231000006,0.111000001,0.375,0.773000002,6.0,1.414000034
24.txt,185,15,3,76.01200104,2.111999989,86.096,5.882,6.952,0.535,0.535,0.0,5.333000183,0.802999973,389.1889954,205.4049988,113.5139999,12.33300018,5.40500021,5.40500021,5.40500021,0.150000006,0.143000007,0.643000007,0.214000002,0.141000003,0.64200002,0.241999999,0.157000005,0.632000029,0.294999987,0.25,0.273000002,1.0,7.5,2.121000051
25.txt,160,13,1,71.77400208,2.278000116,88.344,4.908,1.84,1.84,1.84,0.613,3.38499999,0.569000006,350.0,212.5,118.75,12.38500023,0.0,6.25,18.75,0.163000003,0.143999994,0.5,0.082999997,0.116999999,0.600000024,0.093000002,0.128000006,0.42899999,0.243000001,0.143000007,0.0,0.833000004,6.5,2.121000051
25.txt,176,12,2,87.00900269,2.269000053,89.205,5.682,3.409,0.568,0.568,0.0,3.917000055,0.490999997,357.9549866,289.7730103,102.2730026,14.66699982,0.0,0.0,39.77299881,0.138999999,0.119000003,0.635999978,0.273000002,0.165000007,0.492000014,0.108000003,0.129999995,0.453000009,0.256000012,0.25,0.375,0.726999998,6.0,1.414000034
25.txt,180,11,3,66.95500183,2.125999928,85.792,6.557,3.825,1.093,2.186,0.0,4.727000237,0.800000012,355.5559998,233.3329926,94.44400024,16.54500008,0.0,11.11100006,22.22200012,0.126000002,0.133000001,0.899999976,0.100000001,0.158000007,0.890999973,0.164000005,0.135000005,0.449000001,0.25,0.0,0.0,0.699999988,5.5,0.707000017
26.txt,237,13,1,71.76899719,2.430000067,87.448,8.368,1.674,0.837,0.837,0.836,5.538000107,0.718999982,350.2109985,261.6029968,92.82700348,18.2310009,0.0,0.0,37.97499847,0.122000001,0.112999998,0.75,0.416999996,0.189999998,0.827000022,0.400000006,0.185000002,0.547999978,0.319000006,0.42899999,0.400000006,0.875,6.5,0.707000017
26.txt,180,11,2,87.15599823,2.161999941,83.333,5.556,6.111,2.222,1.111,1.112,5.454999924,0.882000029,333.3330078,222.2220001,127.7779999,16.36400032,5.556000233,5.556000233,16.66699982,0.119000003,0.111000001,0.699999988,0.200000003,0.152999997,0.672999978,0.108999997,0.082000002,0.298999995,0.216000006,0.600000024,0.75,0.899999976,5.5,3.536000013
26.txt,215,15,3,92.30999756,2.299000025,85.78,5.963,4.128,2.294,0.917,0.0,3.599999905,0.676999986,344.1860046,218.6049957,83.72100067,14.53299999,0.0,18.60499954,4.651000023,0.112999998,0.123999998,0.643000007,0.071000002,0.115000002,0.716000021,0.126000002,0.151999995,0.351000011,0.287999988,0.666999996,0.400000006,0.856999993,7.5,0.707000017
27.txt,180,12,1,86.05799866,2.354000092,87.432,5.464,2.186,2.732,1.639,0.0,4.916999817,0.545000017,350.0,211.1109924,100.0,15.08300018,0.0,16.66699982,11.11100006,0.150000006,0.144999996,0.635999978,0.363999993,0.131999999,0.708000004,0.185000002,0.108000003,0.236000001,0.254999995,0.666999996,0.444000006,0.954999983,6.0,2.828000069
27.txt,167,15,2,75.17099762,2.467999935,89.349,5.325,1.775,1.775,0.592,0.0,2.933000088,0.620000005,317.3649902,221.5570068,83.83200073,11.13300037,5.987999916,11.97599983,11.97599983,0.144999996,0.149000004,0.356999993,0.143000007,0.097000003,0.388999999,0.052999999,0.108999997,0.261999995,0.261000007,0.0,0.111000001,0.856999993,7.5,4.949999809
27.txt,153,10,3,96.02400208,2.407000065,94.839,3.226,1.29,0.0,0.645,0.0,3.900000095,0.629999995,346.4049988,241.8300018,98.03900146,15.30000019,0.0,6.535999775,26.1439991,0.101000004,0.115999997,0.333000004,0.111000001,0.061000001,0.621999979,0.156000003,0.089000002,0.365999997,0.233999997,0.5,0.5,0.888999999,5.0,1.414000034
28.txt,175,17,1,84.60700226,2.322000027,85.311,7.91,4.52,1.13,0.0,1.13,2.881999969,0.680000007,308.5710144,222.8569946,62.85699844,10.29399967,0.0,0.0,5.714000225,0.158999994,0.149000004,0.563000023,0.063000001,0.054000001,0.556999981,0.096000001,0.097999997,0.578000009,0.263999999,0.57099998,0.5,0.906000018,8.5,3.536000013
28.txt,210,12,2,83.43299866,2.062000036,79.524,9.524,5.238,1.429,2.381,1.428,2.75,0.981000006,304.7619934,238.0950012,90.47599792,17.5,4.762000084,23.80999947,14.28600025,0.112999998,0.097999997,0.545000017,0.181999996,0.137999997,0.646000028,0.153999999,0.133000001,0.360000014,0.250999987,0.333000004,0.5,0.908999979,6.0,0.0
28.txt,155,9,3,91.29100037,2.262000084,88.387,5.806,4.516,0.645,0.645,0.0,3.332999945,0.82099998,309.677002,232.2579956,70.96800232,17.22200012,0.0,12.90299988,25.80599976,0.055,0.071999997,0.875,0.25,0.173999995,0.861000001,0.222000003,0.163000003,0.400999993,0.261000007,0.25,0.5,1.0,4.5,2.121000051
29.txt,185,14,1,99.85700226,2.484999895,93.048,2.139,1.604,1.604,0.535,0.535,2.928999901,0.574000001,318.9190063,275.6759949,75.6760025,13.35700035,5.40500021,10.81099987,10.81099987,0.134000003,0.140000001,0.537999988,0.0,0.059,0.528999984,0.082000002,0.064000003,0.467000008,0.241999999,0.25,0.555999994,0.922999978,7.0,2.828000069
29.txt,150,13,2,85.50499725,2.187000036,83.553,9.211,3.947,0.658,2.632,0.0,2.691999912,0.726999998,313.3330078,273.3330078,73.33300018,11.53800011,13.33300018,13.33300018,40.0,0.129999995,0.130999997,0.583000004,0.166999996,0.114,0.347000003,0.079999998,0.089000002,0.270000011,0.232999995,0.090999998,0.286000013,0.916999996,6.5,0.707000017
29.txt,212,10,3,81.94300079,2.029000044,78.605,10.233,7.442,2.326,0.93,0.0,8.199999809,0.921999991,301.8869934,221.697998,99.05699921,21.29999924,0.0,9.434000015,23.58499908,0.07,0.077,1.0,0.555999994,0.252000004,0.933000028,0.578000009,0.293000013,0.467999995,0.326000005,0.200000003,0.333000004,0.833000004,5.0,0.0
3.txt,200,17,1,90.97899628,2.454999924,88.119,5.941,3.465,1.485,0.99,0.0,2.940999985,0.67900002,295.0,230.0,70.0,11.82400036,0.0,20.0,20.0,0.148000002,0.144999996,0.437999994,0.187999994,0.147,0.416999996,0.096000001,0.107000001,0.338999987,0.264999986,0.666999996,0.181999996,0.718999982,8.5,2.121000051
3.txt,170,13,2,78.28299713,2.259000063,85.882,8.235,2.941,0.0,1.765,1.176,2.845999956,0.888999999,294.1180115,241.1759949,105.8820038,13.15400028,5.881999969,11.76500034,17.64699936,0.147,0.127000004,0.666999996,0.166999996,0.115999997,0.73299998,0.107000001,0.125,0.361000001,0.252999991,0.166999996,0.666999996,0.875,6.5,2.121000051
3.txt,210,12,3,107.2220001,2.11500001,83.412,6.635,4.265,3.318,0.948,1.422,5.416999817,0.949999988,342.8569946,190.4759979,95.23799896,17.58300018,9.524000168,9.524000168,14.28600025,0.108000003,0.098999999,0.726999998,0.090999998,0.108000003,0.768999994,0.215000004,0.125,0.483999997,0.246999994,0.125,0.833000004,1.0,6.0,0.0
30.txt,140,8,1,79.08899689,2.094000101,84.722,9.028,0.0,2.083,2.083,1.388,5.125,0.91900003,300.0,207.1430054,100.0,17.625,0.0,21.42900085,7.143000126,0.079999998,0.090999998,0.713999987,0.143000007,0.103,0.82099998,0.32100001,0.143000007,0.356999993,0.238999993,0.400000006,0.5,0.643000007,4.0,0.0
30.txt,156,9,2,144.8249969,2.288000107,81.935,11.613,3.871,1.29,1.29,0.0,6.222000122,0.904999971,339.743988,185.8970032,102.564003,17.33300018,12.8210001,12.8210001,19.2310009,0.083999999,0.083999999,0.375,0.0,0.039000001,0.305999994,0.082999997,0.104999997,0.107000001,0.203999996,0.5,0.75,0.875,4.5,0.707000017
30.txt,197,14,3,89.51300049,2.23300004,85.572,7.463,4.478,0.995,1.493,0.0,3.713999987,0.728999972,314.7210083,258.8829956,76.14199829,14.14299965,0.0,5.076000214,30.45700073,0.109999999,0.118000001,0.537999988,0.077,0.061000001,0.470999986,0.093999997,0.061999999,0.356999993,0.234999999,0.286000013,0.600000024,0.922999978,7.0,0.0
31.txt,187,12,1,76.24900055,2.272000074,89.362,7.979,0.532,1.596,0.0,0.532,4.583000183,0.565999985,363.6359863,272.7269897,106.9520035,15.41699982,5.34800005,0.0,21.38999939,0.116999999,0.115999997,0.908999979,0.090999998,0.057,0.785000026,0.169,0.112999998,0.40200001,0.282000005,0.125,0.222000003,0.908999979,6.0,1.414000034
31.txt,218,8,2,49.51499939,2.463000059,90.909,3.182,3.636,0.909,0.455,0.0,7.5,0.676999986,348.6239929,256.881012,114.6790009,27.5,9.173999786,13.76099968,32.11000061,0.086999997,0.086000003,1.0,0.42899999,0.237000003,1.0,0.5,0.219999999,0.593999982,0.294999987,0.0,0.25,0.786000013,4.0,1.414000034
31.txt,173,11,3,83.65499878,2.265000105,87.5,5.682,5.114,0.568,1.136,0.0,3.90899992,0.93900001,317.9190063,219.6529999,69.36399841,15.81799984,5.78000021,5.78000021,5.78000021,0.119000003,0.122000001,0.800000012,0.400000006,0.135000005,0.818000019,0.308999985,0.141000003,0.537999988,0.280000001,0.333000004,0.200000003,0.899999976,5.5,0.707000017
32.txt,198,14,1,79.76899719,2.358999968,86.5,7.0,4.5,0.5,1.0,0.5,3.642999887,0.439999998,287.8789978,287.8789978,65.65699768,14.21399975,0.0,5.051000118,30.3029995,0.090000004,0.082000002,0.462000012,0.153999999,0.079999998,0.541000009,0.128999993,0.083999999,0.375999987,0.233999997,0.333000004,0.375,0.731000006,7.0,1.414000034
32.txt,123,8,2,85.20800018,2.069000006,77.419,10.484,8.065,2.419,0.806,0.0,3.75,0.771000028,349.5939941,235.7720032,130.0809937,15.375,8.130000114,0.0,8.130000114,0.167999998,0.142000005,0.42899999,0.0,0.078000002,0.5,0.071000002,0.108000003,0.226999998,0.224999994,0.286000013,0.600000024,0.856999993,4.0,1.414000034
32.txt,216,13,3,85.30400085,2.220000029,86.175,5.53,4.147,2.304,0.922,0.922,3.076999903,0.661000013,328.70401,236.1109924,106.4810028,16.69199944,0.0,18.5189991,41.66699982,0.112999998,0.105999999,0.916999996,0.416999996,0.115999997,0.773000002,0.319999993,0.126000002,0.529999971,0.287,0.713999987,1.0,0.916999996,6.5,0.707000017
33.txt,177,14,1,87.94000244,2.154999971,86.034,6.145,4.469,1.676,0.559,1.118,3.713999987,0.815999985,310.7340088,192.0899963,135.5930023,12.64299965,5.650000095,0.0,5.650000095,0.164000005,0.173999995,0.691999972,0.38499999,0.142000005,0.412,0.200000003,0.112999998,0.472000003,0.286000013,0.300000012,0.625,1.0,7.0,2.828000069
33.txt,188,13,2,72.4469986,2.183000088,84.656,6.878,4.762,1.587,1.058,0.529,4.691999912,0.64200002,324.4679871,255.3190002,74.46800232,14.69200039,5.318999767,15.95699978,21.27700043,0.105999999,0.126000002,0.833000004,0.333000004,0.145999998,0.852999985,0.159999996,0.104999997,0.535000026,0.259000003,0.25,0.125,0.916999996,6.5,2.121000051
33.txt,172,11,3,104.9069977,2.381999969,86.628,5.814,2.907,2.326,0.581,0.581,3.635999918,0.666999996,279.0700073,244.1860046,75.58100128,15.72700024,0.0,11.62800026,29.06999969,0.101000004,0.115999997,0.400000006,0.100000001,0.054000001,0.47299999,0.055,0.104999997,0.395000011,0.238000005,0.166999996,0.333000004,0.949999988,5.5,0.707000017
34.txt,165,12,1,113.7890015,2.378999949,90.476,4.762,2.976,1.19,0.0,0.595,3.417000055,0.674000025,296.9700012,272.7269897,78.78800201,14.08300018,12.12100029,30.3029995,12.12100029,0.130999997,0.111000001,0.363999993,0.0,0.098999999,0.27700001,0.030999999,0.063000001,0.279000014,0.221000001,0.286000013,0.375,0.818000019,6.0,0.0
34.txt,166,13,2,54.71099854,2.40199995,91.617,5.389,2.395,0.0,0.0,0.0,2.230999947,0.490999997,343.3739929,253.0119934,84.33699799,12.76900005,0.0,6.024000168,18.0720005,0.104999997,0.101000004,0.833000004,0.25,0.101000004,0.839999974,0.226999998,0.103,0.606999993,0.291999996,0.111000001,0.455000013,0.916999996,6.5,0.707000017
34.txt,202,12,3,122.4509964,2.155999899,79.602,7.96,5.97,1.99,1.493,2.489,3.167000055,0.80400002,311.881012,188.1190033,89.10900116,16.91699982,0.0,9.901000023,14.85099983,0.066,0.075999998,0.545000017,0.181999996,0.149000004,0.584999979,0.246000007,0.137999997,0.486000001,0.268999994,0.800000012,1.200000048,0.908999979,6.0,0.0
35.txt,219,15,1,87.13500214,2.316999912,85.65,7.175,4.933,1.345,0.897,0.0,3.200000048,0.606999993,315.0679932,264.8399963,77.62599945,14.66699982,4.565999985,9.131999969,27.39699936,0.115999997,0.122000001,0.713999987,0.214000002,0.119000003,0.662999988,0.158000007,0.134000003,0.495000005,0.301999986,0.286000013,0.416999996,0.92900002,7.5,2.121000051
35.txt,123,12,2,96.27200317,2.496000051,91.87,4.878,1.626,0.0,0.813,0.813,2.25,0.363999993,357.723999,235.7720032,81.3010025,10.25,0.0,8.130000114,8.130000114,0.172000006,0.143000007,0.818000019,0.090999998,0.148000002,0.55400002,0.046,0.079999998,0.476000011,0.233999997,0.833000004,0.5,0.954999983,6.0,1.414000034
35.txt,210,12,3,90.52799988,2.079999924,80.282,11.268,3.756,3.286,0.939,0.0,5.833000183,0.941999972,309.5239868,238.0950012,109.5240021,17.5,4.762000084,4.762000084,19.04800034,0.096000001,0.094999999,0.455000013,0.181999996,0.059,0.400000006,0.153999999,0.103,0.38499999,0.256000012,0.222000003,1.5,1.0,6.0,2.828000069
36.txt,209,13,1,88.46600342,2.289999962,88.995,6.699,1.914,1.435,0.957,0.0,4.769000053,0.702000022,311.0050049,244.0189972,114.8330002,16.30800056,0.0,14.35400009,19.13899994,0.125,0.094999999,0.5,0.0,0.164000005,0.507000029,0.079999998,0.120999999,0.282000005,0.261999995,0.111000001,0.25,0.916999996,6.5,3.536000013
36.txt,180,14,2,75.10800171,2.230999947,86.74,8.287,1.657,1.657,1.105,0.552,3.213999987,0.773999989,322.2219849,227.7779999,44.44400024,12.85700035,0.0,11.11100006,16.66699982,0.111000001,0.107000001,0.691999972,0.0,0.075000003,0.575999975,0.071000002,0.083999999,0.456,0.244000003,0.200000003,0.42899999,0.962000012,7.0,2.828000069
36.txt,199,18,3,101.5889969,2.039000034,77.665,9.137,7.614,3.553,1.523,0.508,3.278000116,1.075000048,301.5079956,195.9799957,80.40200043,11.05599976,5.025000095,5.025000095,0.0,0.182999998,0.182999998,0.528999984,0.059,0.112000003,0.463999987,0.079999998,0.093000002,0.518999994,0.246999994,0.222000003,0.25,0.735000014,9.0,2.828000069
37.txt,172,16,1,67.24700165,2.404000044,88.439,7.514,0.578,1.156,2.312,0.0,2.312999964,0.574000001,343.0230103,261.6279907,69.76699829,10.81299973,5.81400013,5.81400013,5.81400013,0.182999998,0.164000005,0.73299998,0.067000002,0.158000007,0.513999999,0.094999999,0.112000003,0.508000016,0.273000002,0.222000003,0.111000001,0.899999976,8.0,0.0
37.txt,188,12,2,52.80599976,2.204999924,90.0,6.316,1.579,0.526,1.579,0.0,3.0,0.569000006,361.7019958,223.404007,127.6600037,15.66699982,5.318999767,0.0,21.27700043,0.136999995,0.114,0.726999998,0.090999998,0.172999993,0.72299999,0.185000002,0.159999996,0.382999986,0.289999992,0.666999996,0.5,0.908999979,6.0,4.243000031
37.txt,192,13,3,82.49900055,2.16899991,84.103,6.667,0.667,1.026,1.026,0.513,3.154000044,0.866999984,369.7919922,208.3329926,67.70800018,14.76900005,0.0,5.208000183,5.208000183,0.157000005,0.145999998,0.666999996,0.166999996,0.089000002,0.453000009,0.133000001,0.104000002,0.389999986,0.252999991,0.400000006,0.400000006,1.0,6.5,2.121000051
38.txt,212,16,1,74.9260025,2.426000118,91.667,4.63,0.926,0.926,0.926,0.463,3.812999964,0.626999974,330.1889954,259.4339905,80.18900299,13.25,0.0,4.717000008,28.30200005,0.103,0.103,0.666999996,0.067000002,0.116999999,0.504999995,0.067000002,0.116999999,0.416000009,0.272000015,0.444000006,0.111000001,0.933000028,8.0,2.828000069
38.txt,204,13,2,102.2249985,2.302000046,84.058,7.246,4.831,2.415,0.0,1.449,4.614999771,0.717000008,313.7250061,245.0980072,88.23500061,15.76900005,0.0,4.90199995,4.90199995,0.092,0.090999998,0.333000004,0.082999997,0.097999997,0.519999981,0.052999999,0.108000003,0.291000009,0.224000007,0.181999996,0.286000013,0.875,6.5,3.536000013
38.txt,216,12,3,88.93000031,1.976999998,74.771,10.55,5.505,3.67,4.128,1.376,4.583000183,0.893000007,328.70401,212.9629974,101.8519974,18.0,4.630000114,0.0,18.5189991,0.088,0.103,0.818000019,0.181999996,0.169,0.708000004,0.169,0.165999994,0.407000005,0.263999999,0.400000006,0.111000001,0.864000022,6.0,1.414000034
39.txt,187,17,1,80.26200104,2.480999947,89.247,6.989,2.688,0.538,0.538,0.0,2.70600009,0.367000014,352.9410095,304.8129883,80.21399689,11.05900002,10.69499969,5.34800005,10.69499969,0.142000005,0.136000007,0.5,0.0,0.108000003,0.538999975,0.017000001,0.103,0.370999992,0.25,0.333000004,0.166999996,0.843999982,8.5,2.121000051
39.txt,175,12,2,76.86799622,2.049000025,84.358,6.145,6.145,1.117,1.676,0.559,3.5,0.82099998,280.0,222.8569946,85.71399689,14.66699982,11.4289999,11.4289999,28.57099915,0.071000002,0.077,0.545000017,0.0,0.093999997,0.462000012,0.092,0.119999997,0.356999993,0.234999999,0.200000003,0.166999996,0.864000022,6.0,1.414000034
39.txt,175,11,3,94.22799683,2.157999992,87.079,7.865,3.933,0.562,0.0,0.0,5.0,0.660000026,342.8569946,245.7140045,97.14299774,16.0,0.0,22.85700035,17.14299965,0.094999999,0.108999997,0.5,0.100000001,0.037,0.545000017,0.127000004,0.07,0.47299999,0.210999995,0.25,0.286000013,0.75,5.5,2.121000051
4.txt,312,10,1,60.00699997,2.367000103,85.489,8.833,2.839,1.577,0.946,0.315,6.900000095,0.593999982,371.7950134,233.973999,99.35900116,31.29999924,6.409999847,3.204999924,12.8210001,0.083999999,0.082999997,0.888999999,0.333000004,0.189999998,0.95599997,0.26699999,0.189999998,0.616999984,0.294999987,1.200000048,0.625,0.888999999,5.0,1.414000034
4.txt,160,10,2,72.92900085,2.351999998,88.344,4.908,4.294,1.227,1.227,0.0,4.599999905,0.813000023,356.25,231.25,100.0,16.10000038,6.25,6.25,12.5,0.134000003,0.114,0.444000006,0.111000001,0.119999997,0.400000006,0.067000002,0.074000001,0.259000003,0.200000003,0.25,0.0,0.888999999,5.0,1.414000034
4.txt,204,15,3,83.30699921,2.430000067,88.725,7.843,1.961,0.49,0.98,0.0,3.73300004,0.75,303.9219971,264.7059937,58.82400131,13.7329998,0.0,19.6079998,29.41200066,0.115000002,0.129999995,0.5,0.143000007,0.115999997,0.64200002,0.210999995,0.177000001,0.418000013,0.319000006,0.143000007,0.166999996,0.963999987,7.5,0.707000017
40.txt,273,19,1,92.04799652,2.381000042,89.744,6.227,2.93,0.366,0.733,0.0,2.210999966,0.680000007,311.355011,245.4210052,95.23799896,14.36800003,3.663000107,10.98900032,18.31500053,0.115000002,0.119999997,0.5,0.166999996,0.085000001,0.467000008,0.111000001,0.094999999,0.476000011,0.261000007,0.400000006,0.25,0.888999999,9.5,0.707000017
40.txt,140,11,2,72.33300018,2.003999949,85.211,7.042,4.225,1.408,1.408,0.704,3.181999922,0.739000022,385.7139893,178.5709991,142.8569946,12.72700024,0.0,0.0,7.143000126,0.194999993,0.203999996,0.200000003,0.0,0.122000001,0.363999993,0.181999996,0.142000005,0.31099999,0.244000003,0.0,0.400000006,0.899999976,5.5,3.536000013
40.txt,204,9,3,103.9990005,2.328999996,81.373,8.333,3.922,0.98,1.471,0.98,7.333000183,0.677999973,348.0390015,235.2940063,102.9410019,22.88899994,4.90199995,14.70600033,14.70600033,0.086000003,0.054000001,0.5,0.375,0.182999998,0.583000004,0.333000004,0.174999997,0.344000012,0.254999995,0.0,1.0,0.813000023,4.5,0.707000017
41.txt,179,13,1,95.44200134,2.232000113,84.27,8.989,2.247,2.247,1.124,1.124,4.846000195,0.648000002,374.302002,245.8099976,94.97200012,13.84599972,0.0,5.586999893,16.76000023,0.116999999,0.116999999,0.666999996,0.166999996,0.134000003,0.652999997,0.107000001,0.108999997,0.326999992,0.239999995,0.333000004,0.400000006,0.708000004,6.5,0.707000017
41.txt,208,21,2,87.14700317,2.187000036,86.957,5.314,3.382,1.449,1.449,0.0,2.476000071,0.671999991,317.3080139,259.6149902,72.11499786,10.0,4.808000088,9.614999771,19.2310009,0.123999998,0.128000006,0.449999988,0.100000001,0.119999997,0.393999994,0.109999999,0.120999999,0.367000014,0.275999993,0.214000002,0.222000003,0.899999976,10.5,4.949999809
41.txt,223,15,3,82.27200317,2.28399992,86.937,6.306,4.054,0.901,1.351,0.0,3.799999952,0.587000012,300.447998,300.447998,67.26499939,15.06700039,0.0,17.93700027,35.87400055,0.120999999,0.116999999,0.713999987,0.214000002,0.134000003,0.537,0.094999999,0.109999999,0.504000008,0.273000002,0.181999996,0.25,1.0,7.5,2.121000051
42.txt,198,13,1,70.95600128,2.085999966,84.08,8.458,2.488,1.493,1.99,0.995,5.922999859,0.547999978,363.6359863,282.8280029,116.1620026,15.23099995,0.0,0.0,30.3029995,0.123000003,0.136000007,0.5,0.082999997,0.103,0.652999997,0.119999997,0.093999997,0.513999999,0.247999996,0.57099998,0.42899999,0.916999996,6.5,2.121000051
42.txt,190,17,2,79.70600128,2.236000061,82.199,8.901,5.236,0.524,0.524,0.0,2.940999985,0.722000003,315.7890015,247.3679962,84.21099854,11.29399967,5.263000011,15.78899956,5.263000011,0.114,0.123999998,0.187999994,0.187999994,0.170000002,0.34799999,0.104000002,0.105999999,0.518000007,0.268999994,0.800000012,0.42899999,0.938000023,8.5,3.536000013
42.txt,202,18,3,65.20800018,2.290999889,85.99,2.899,6.28,1.932,1.932,0.0,4.166999817,0.718999982,351.4849854,202.9700012,113.8610001,11.22200012,0.0,9.901000023,4.949999809,0.204999998,0.181999996,0.528999984,0.234999999,0.052999999,0.456,0.104000002,0.081,0.55400002,0.25999999,0.300000012,0.307999998,0.852999985,9.0,1.414000034
43.txt,183,9,1,90.67500305,2.279000044,83.152,10.326,3.804,0.543,1.63,0.543,2.221999884,0.628000021,300.54599,267.7600098,120.2190018,20.33300018,10.9289999,5.464000225,32.78699875,0.090000004,0.086000003,0.625,0.125,0.136000007,0.694000006,0.194000006,0.177000001,0.514999986,0.268999994,0.333000004,0.57099998,1.0,4.5,0.707000017
43.txt,163,18,2,77.85500336,2.190999985,83.735,9.036,3.012,1.807,1.205,0.0,1.610999942,0.760999978,325.1530151,220.8589935,67.48500061,9.055999756,0.0,6.135000229,6.135000229,0.167999998,0.136000007,0.234999999,0.0,0.056000002,0.312000006,0.079999998,0.07,0.388999999,0.25,0.111000001,0.100000001,0.852999985,9.0,7.071000099
43.txt,258,19,3,66.55999756,2.325000048,87.5,6.641,2.734,1.953,0.781,0.0,4.263000011,0.658999979,360.4649963,248.0619965,104.651001,13.68400002,7.751999855,15.50399971,23.25600052,0.111000001,0.131999999,0.888999999,0.166999996,0.136999995,0.874000013,0.200000003,0.158000007,0.59799999,0.312000006,0.0,0.25,0.916999996,9.5,0.707000017
44.txt,229,16,1,105.3249969,2.301000118,87.879,7.359,3.03,0.866,0.433,0.433,3.625,0.676999986,323.1440125,275.1090088,82.96900177,14.31299973,8.734000206,4.367000103,17.46699905,0.172999993,0.160999998,0.73299998,0.067000002,0.136000007,0.713999987,0.086000003,0.122000001,0.486000001,0.256000012,0.125,0.0,0.800000012,8.0,2.828000069
44.txt,156,13,2,102.3430023,2.33100009,90.446,5.732,2.548,0.0,0.0,0.637,5.0,0.600000024,339.743988,217.9490051,96.15399933,12.0,0.0,6.409999847,19.2310009,0.174999997,0.151999995,0.75,0.166999996,0.145999998,0.626999974,0.067000002,0.096000001,0.317000002,0.237000003,0.222000003,0.333000004,0.833000004,6.5,2.121000051
44.txt,218,13,3,73.95999908,2.052999973,81.279,7.763,6.393,3.196,0.457,0.457,6.461999893,0.709999979,362.3850098,224.7709961,119.2659988,16.84600067,4.586999893,9.173999786,22.93600082,0.115999997,0.114,0.75,0.082999997,0.115999997,0.746999979,0.159999996,0.133000001,0.42899999,0.268000007,0.5,1.332999945,0.875,6.5,0.707000017
45.txt,149,11,1,75.52300262,2.358999968,86.275,7.843,0.654,2.614,1.961,0.654,2.181999922,0.675000012,288.5910034,255.0339966,60.40299988,13.54500008,0.0,0.0,26.84600067,0.137999997,0.141000003,0.5,0.100000001,0.061000001,0.400000006,0.144999996,0.101000004,0.433999985,0.268999994,0.42899999,0.400000006,0.949999988,5.5,0.707000017
45.txt,158,17,2,68.36000061,2.512000084,91.975,4.938,0.617,0.617,0.617,0.0,2.118000031,0.574000001,360.7590027,253.1649933,50.63299942,9.352999687,6.328999996,12.65799999,6.328999996,0.175999999,0.200000003,0.312999994,0.063000001,0.097000003,0.356999993,0.086999997,0.081,0.628000021,0.303000003,0.5,0.300000012,0.906000018,8.5,6.363999844
45.txt,211,14,3,60.69400024,2.334000111,86.047,9.767,3.256,0.0,0.93,0.0,5.143000126,0.609000027,355.4500122,255.923996,118.4830017,15.0710001,0.0,4.738999844,23.6970005,0.184,0.137999997,0.691999972,0.231000006,0.165999994,0.63499999,0.152999997,0.148000002,0.462000012,0.280999988,0.200000003,0.42899999,0.846000016,7.0,1.414000034
46.txt,229,14,1,110.3379974,2.127000093,85.281,6.061,4.762,1.732,2.165,0.0,2.786000013,0.742999971,353.7120056,218.3410034,78.60299683,16.5,0.0,21.83399963,21.83399963,0.101999998,0.075999998,0.462000012,0.077,0.131999999,0.458999991,0.175999999,0.108999997,0.374000013,0.246999994,0.200000003,0.5,0.846000016,7.0,0.0
46.txt,157,10,2,72.27200317,2.684000015,89.873,4.43,3.165,0.633,0.633,0.0,1.799999952,0.532000005,337.5799866,273.8850098,63.69400024,15.80000019,0.0,6.368999958,44.58599854,0.07,0.077,0.888999999,0.222000003,0.199000001,0.843999982,0.089000002,0.134000003,0.601000011,0.294,0.800000012,0.57099998,0.777999997,5.0,2.828000069
46.txt,224,14,3,93.03900146,2.308000088,82.222,9.778,4.0,1.778,0.889,0.444,3.0,0.689999998,276.7860107,241.0709991,71.42900085,16.14299965,0.0,26.7859993,13.39299965,0.101999998,0.086999997,0.768999994,0.153999999,0.149000004,0.776000023,0.187999994,0.150999993,0.467000008,0.287,0.333000004,1.5,0.922999978,7.0,1.414000034
47.txt,197,18,1,74.23000336,2.382999897,90.355,6.599,1.015,1.015,1.015,0.0,2.832999945,0.541000009,340.1019897,253.8070068,86.29399872,10.94400024,5.076000214,0.0,20.30500031,0.187000006,0.172999993,0.352999985,0.118000001,0.118000001,0.504000008,0.079999998,0.111000001,0.340999991,0.268000007,0.082999997,0.181999996,0.764999986,9.0,0.0
47.txt,138,17,2,90.22399902,2.336999893,85.612,7.914,4.317,0.719,1.439,0.0,2.881999969,0.65200001,391.3039856,217.3910065,101.4489975,8.118000031,0.0,0.0,7.245999813,0.128999993,0.170000002,0.25,0.0,0.064999998,0.277999997,0.035,0.071999997,0.254999995,0.219999999,0.090999998,0.286000013,0.906000018,8.5,6.363999844
47.txt,192,12,3,81.59600067,2.220999956,87.179,6.154,3.077,1.538,0.513,1.026,4.166999817,0.620999992,354.1669922,234.375,83.33300018,16.25,10.41699982,5.208000183,10.41699982,0.101999998,0.097000003,0.726999998,0.0,0.104000002,0.676999986,0.061999999,0.127000004,0.379000008,0.241999999,0.166999996,0.5,0.908999979,6.0,1.414000034
48.txt,155,13,1,134.2749939,2.088999987,81.529,10.828,3.185,1.911,0.637,1.274,4.230999947,0.737999976,290.322998,193.5480042,103.2259979,11.92300034,0.0,0.0,6.452000141,0.166999996,0.136999995,0.333000004,0.0,0.072999999,0.400000006,0.067000002,0.089000002,0.277999997,0.237000003,0.300000012,0.400000006,1.0,6.5,2.121000051
48.txt,168,16,2,99.07800293,2.299999952,85.632,8.621,1.724,1.149,2.299,0.0,1.75,0.731000006,351.1900024,232.1430054,83.33300018,10.56299973,0.0,0.0,29.76199913,0.104000002,0.090000004,0.333000004,0.067000002,0.085000001,0.342999995,0.048,0.075000003,0.294999987,0.218999997,0.333000004,0.5,0.866999984,8.0,1.414000034
48.txt,163,10,3,103.6340027,2.154000044,83.03,9.697,4.848,0.606,0.606,0.606,3.299999952,0.652999997,337.4230042,233.1289978,92.02500153,16.29999924,6.135000229,6.135000229,18.40500069,0.096000001,0.115999997,0.666999996,0.222000003,0.105999999,0.621999979,0.156000003,0.140000001,0.409999996,0.238000005,0.600000024,0.57099998,0.777999997,5.0,1.414000034
49.txt,149,12,1,73.68299866,2.467000008,90.667,4.667,2.0,1.333,1.333,0.0,3.332999945,0.5,315.4360046,268.4559937,67.11399841,12.41699982,0.0,6.710999966,26.84600067,0.141000003,0.137999997,0.545000017,0.0,0.048999999,0.462000012,0.061999999,0.059,0.368000001,0.202000007,0.5,0.222000003,0.864000022,6.0,2.828000069
49.txt,237,17,2,101.2099991,2.121000051,81.25,9.167,5.833,2.083,0.417,0.834,3.29399991,0.791000009,341.7720032,181.4349976,109.7050018,14.0,4.218999863,12.65799999,0.0,0.075999998,0.094999999,0.5,0.125,0.129999995,0.477999985,0.061000001,0.101000004,0.486000001,0.246999994,0.300000012,0.5,0.938000023,8.5,3.536000013
49.txt,213,16,3,69.84799957,2.246999979,88.479,5.991,3.226,1.382,0.922,0.0,2.187999964,0.597000003,384.9769897,276.9949951,79.81199646,13.5,9.390000343,14.08500004,28.16900063,0.119000003,0.122000001,0.666999996,0.200000003,0.149000004,0.800000012,0.151999995,0.150000006,0.573000014,0.294,0.090999998,0.181999996,0.800000012,8.0,1.414000034
5.txt,157,13,1,62.77099991,2.318000078,86.709,5.063,3.797,2.532,1.266,0.633,2.61500001,0.616999984,324.8410034,267.5159912,76.43299866,12.07699966,6.368999958,0.0,31.84700012,0.127000004,0.143999994,0.916999996,0.333000004,0.175999999,0.852999985,0.226999998,0.189999998,0.462000012,0.308999985,0.5,0.222000003,0.958000004,6.5,0.707000017
5.txt,144,11,2,117.9860001,2.095999956,76.389,13.194,6.944,1.389,0.694,1.388,4.81799984,0.783999979,361.1109924,201.3890076,90.27799988,13.0909996,0.0,6.943999767,27.77799988,0.141000003,0.115000002,0.400000006,0.100000001,0.115999997,0.254999995,0.072999999,0.123000003,0.293000013,0.231999993,0.25,0.42899999,1.0,5.5,2.121000051
5.txt,212,16,3,83.58799744,2.108999968,81.944,7.87,5.556,2.315,1.852,0.0,5.313000202,0.967000008,330.1889954,188.6790009,117.9250031,13.25,0.0,0.0,9.434000015,0.144999996,0.137999997,0.400000006,0.133000001,0.135000005,0.370999992,0.133000001,0.115999997,0.409000009,0.277999997,0.0,0.200000003,0.899999976,8.0,1.414000034
50.txt,205,11,1,87.6989975,2.267999887,88.889,6.763,3.865,0.0,0.483,0.0,3.454999924,0.772000015,331.7070007,253.6589966,107.3170013,18.72699928,4.877999783,9.755999565,24.38999939,0.078000002,0.088,0.699999988,0.0,0.094999999,0.726999998,0.072999999,0.120999999,0.43599999,0.232999995,0.600000024,0.42899999,0.699999988,5.5,2.121000051
50.txt,212,18,2,84.21600342,2.276000023,84.434,7.547,6.132,0.472,0.943,0.0,2.778000116,0.626999974,391.5090027,216.9810028,89.6230011,11.83300018,4.717000008,4.717000008,9.434000015,0.178000003,0.149000004,0.528999984,0.118000001,0.094999999,0.488000005,0.112000003,0.081,0.582000017,0.256000012,0.25,0.875,0.824000001,9.0,5.657000065
50.txt,198,14,3,79.41799927,2.427999973,89.95,7.035,1.005,0.503,1.005,0.0,4.856999874,0.643000007,318.1820068,257.5759888,85.85900116,14.14299965,10.10099983,10.10099983,20.20199966,0.164000005,0.129999995,0.462000012,0.153999999,0.064999998,0.423999995,0.118000001,0.104000002,0.246000007,0.272000015,0.300000012,0.5,0.808000028,7.0,2.828000069
51.txt,210,15,1,81.39800262,2.436000109,90.61,3.756,1.878,1.408,0.469,1.408,3.532999992,0.515999973,357.1430054,276.1900024,90.47599792,14.19999981,0.0,19.04800034,23.80999947,0.128000006,0.123000003,0.713999987,0.0,0.054000001,0.64200002,0.063000001,0.104999997,0.381999999,0.254000008,0.100000001,0.25,0.643000007,7.5,3.536000013
51.txt,139,12,2,104.9339981,2.256000042,82.143,7.857,3.571,4.286,2.143,0.0,4.583000183,0.711000025,359.7120056,201.4389954,79.13700104,11.58300018,0.0,0.0,7.193999767,0.090999998,0.122000001,0.455000013,0.273000002,0.098999999,0.400000006,0.077,0.07,0.26699999,0.197999999,0.273000002,0.42899999,0.908999979,6.0,4.243000031
51.txt,200,15,3,70.29199982,2.378999949,89.552,5.97,1.493,1.493,0.498,0.0,2.0,0.589999974,360.0,235.0,85.0,13.39999962,0.0,5.0,20.0,0.086000003,0.093999997,0.643000007,0.071000002,0.101000004,0.662999988,0.147,0.115999997,0.463,0.287999988,0.143000007,0.286000013,0.963999987,7.5,2.121000051
52.txt,190,14,1,106.663002,2.381000042,86.458,6.771,4.167,0.521,1.562,0.521,3.786000013,0.588999987,347.3680115,247.3679962,100.0,13.5710001,0.0,0.0,26.31599998,0.092,0.100000001,0.61500001,0.153999999,0.165999994,0.552999973,0.059,0.107000001,0.419,0.254999995,0.57099998,0.363999993,0.846000016,7.0,1.414000034
52.txt,145,9,2,111.1220016,2.270999908,83.673,8.163,2.721,3.401,1.361,0.0,2.111000061,0.681999981,351.723999,241.3789978,75.86199951,16.33300018,6.896999836,13.79300022,20.69000053,0.101000004,0.092,0.625,0.125,0.128000006,0.638999999,0.138999999,0.100000001,0.377999991,0.243000001,0.42899999,1.0,0.875,4.5,2.121000051
52.txt,197,16,3,80.40299988,2.239000082,85.052,8.247,4.124,0.515,1.546,0.515,2.312999964,0.763000011,345.178009,233.503006,86.29399872,12.31299973,0.0,0.0,20.30500031,0.160999998,0.119000003,0.600000024,0.133000001,0.126000002,0.523999989,0.143000007,0.112999998,0.488999993,0.261999995,0.286000013,0.375,0.899999976,8.0,2.828000069
53.txt,189,12,1,113.189003,2.453000069,89.418,7.407,1.058,0.529,1.058,0.529,5.166999817,0.603999972,317.4599915,253.9680023,89.9469986,15.83300018,0.0,10.58199978,26.45499992,0.149000004,0.119999997,0.635999978,0.181999996,0.066,0.55400002,0.185000002,0.114,0.501999974,0.256999999,0.42899999,0.713999987,0.726999998,6.0,0.0
53.txt,127,10,2,79.59300232,2.197999954,87.597,6.202,3.101,1.55,1.55,0.0,3.700000048,0.707000017,385.8269958,204.723999,141.7319946,12.69999981,0.0,7.874000072,23.62199974,0.119000003,0.131999999,0.333000004,0.111000001,0.138999999,0.377999991,0.022,0.093999997,0.222000003,0.191,0.400000006,0.333000004,0.888999999,5.0,1.414000034
53.txt,213,16,3,85.87799835,2.229000092,85.116,8.372,3.256,2.791,0.465,0.0,3.937999964,0.582000017,361.5020142,215.9620056,112.6760025,13.31299973,0.0,14.08500004,14.08500004,0.115999997,0.126000002,0.600000024,0.067000002,0.089000002,0.58099997,0.162,0.136000007,0.48300001,0.282999992,0.286000013,0.777999997,0.800000012,8.0,1.414000034
54.txt,191,11,1,79.01699829,2.338999987,90.155,4.663,4.145,0.518,0.518,0.0,4.09100008,0.713999987,314.1359863,303.6650085,89.00499725,17.54500008,0.0,10.47099972,36.64899826,0.107000001,0.098999999,0.600000024,0.100000001,0.096000001,0.726999998,0.164000005,0.150000006,0.476999998,0.266000003,0.286000013,0.444000006,0.75,5.5,0.707000017
54.txt,184,13,2,91.35700226,2.072999954,85.638,7.979,3.191,2.66,0.532,0.0,3.769000053,0.643000007,347.8259888,250.0,92.39099884,14.38500023,0.0,21.73900032,32.60900116,0.119999997,0.123999998,0.75,0.166999996,0.096000001,0.587000012,0.093000002,0.101999998,0.474000007,0.240999997,0.090999998,0.666999996,0.791999996,6.5,0.707000017
54.txt,205,15,3,85.2519989,2.357000113,89.268,7.317,1.951,0.976,0.488,0.0,3.0,0.800000012,282.927002,243.9019928,78.0490036,13.7329998,4.877999783,4.877999783,29.26799965,0.093000002,0.114,0.42899999,0.0,0.063000001,0.495000005,0.136999995,0.104999997,0.626999974,0.275000006,0.0,0.222000003,0.92900002,7.5,0.707000017
55.txt,275,22,1,86.85099792,2.260999918,87.097,8.602,1.434,0.717,1.792,0.0,3.635999918,0.721000016,363.6359863,207.272995,101.8180008,12.5909996,7.272999763,14.54500008,3.635999918,0.108999997,0.115999997,0.42899999,0.189999998,0.127000004,0.479000002,0.158000007,0.096000001,0.560000002,0.287999988,0.166999996,0.100000001,0.833000004,11.0,5.657000065
55.txt,162,15,2,102.0830002,2.351000071,88.344,6.135,3.067,1.227,1.227,0.0,3.332999945,0.674000025,314.8150024,265.4320068,92.59300232,10.93299961,6.172999859,12.34599972,37.03699875,0.149000004,0.147,0.57099998,0.0,0.137999997,0.526000023,0.032000002,0.126000002,0.405000001,0.296999991,0.111000001,0.5,0.856999993,7.5,3.536000013
55.txt,171,17,3,100.2220001,2.24000001,85.294,7.059,5.882,0.588,1.176,0.0,3.29399991,0.666999996,304.0939941,251.4620056,76.02300262,10.17599964,0.0,11.6960001,17.54400063,0.175999999,0.181999996,0.437999994,0.187999994,0.120999999,0.538999975,0.112999998,0.111000001,0.465999991,0.268000007,0.363999993,0.300000012,0.75,8.5,2.121000051
56.txt,189,12,1,72.25299835,2.296000004,84.817,9.424,2.618,1.047,1.047,0.524,5.083000183,0.433999985,312.1690063,301.5870056,74.0739975,15.83300018,5.290999889,5.290999889,5.290999889,0.127000004,0.123000003,0.908999979,0.090999998,0.162,0.846000016,0.137999997,0.185000002,0.430000007,0.27700001,0.222000003,0.286000013,0.818000019,6.0,0.0
56.txt,189,13,2,118.5780029,2.11500001,82.199,7.853,5.759,2.618,0.524,1.047,5.153999805,0.920000017,322.7510071,243.3860016,95.23799896,14.53800011,0.0,15.87300014,15.87300014,0.097000003,0.104000002,0.5,0.25,0.093999997,0.479999989,0.147,0.093999997,0.414000005,0.241999999,0.25,0.5,1.0,6.5,3.536000013
56.txt,203,15,3,81.6269989,2.22300005,84.135,8.173,5.288,0.481,0.962,0.0,5.0,0.708999991,310.3450012,270.9360046,83.7440033,13.53299999,9.852000237,0.0,24.63100052,0.130999997,0.126000002,0.57099998,0.214000002,0.115000002,0.504999995,0.094999999,0.086999997,0.30399999,0.226999998,0.400000006,0.666999996,0.856999993,7.5,2.121000051
57.txt,185,16,1,82.22200012,2.388999939,91.444,5.348,1.07,1.07,1.07,0.0,3.437999964,0.754999995,335.1350098,172.9730072,124.3239975,11.56299973,5.40500021,10.81099987,0.0,0.157000005,0.166999996,0.400000006,0.133000001,0.107000001,0.486000001,0.180999994,0.122000001,0.714999974,0.296000004,0.0,0.42899999,0.933000028,8.0,1.414000034
57.txt,136,14,2,81.41600037,2.302999973,83.824,8.824,3.676,2.206,1.471,0.0,2.213999987,0.614000022,382.3529968,227.9409943,95.58799744,9.713999748,0.0,0.0,14.70600033,0.129999995,0.137999997,0.61500001,0.307999998,0.082999997,0.375999987,0.200000003,0.078000002,0.345999986,0.246999994,0.0,0.0,0.88499999,7.0,2.828000069
57.txt,217,13,3,62.2840004,2.298000097,87.5,6.019,3.704,1.852,0.926,0.0,5.0,0.763999999,290.322998,253.4559937,92.16600037,16.7689991,4.607999802,4.607999802,18.43300056,0.108000003,0.105999999,0.75,0.333000004,0.163000003,0.587000012,0.239999995,0.152999997,0.433999985,0.286000013,0.333000004,0.600000024,0.833000004,6.5,0.707000017
58.txt,166,10,1,73.27200317,2.111999989,76.647,17.964,2.994,1.198,1.198,0.0,3.700000048,0.646000028,367.4700012,246.9880066,102.4100037,16.60000038,12.04800034,0.0,36.14500046,0.123999998,0.096000001,0.777999997,0.222000003,0.142000005,0.73299998,0.156000003,0.169,0.444999993,0.256000012,0.166999996,0.42899999,0.944000006,5.0,0.0
58.txt,171,12,2,48.20000076,2.273000002,88.439,7.514,2.89,0.578,0.578,0.0,3.832999945,0.639999986,321.6369934,245.6139984,111.1110001,14.25,5.84800005,11.6960001,17.54400063,0.145999998,0.151999995,0.635999978,0.090999998,0.125,0.537999988,0.046,0.119000003,0.419,0.264999986,0.200000003,0.200000003,0.818000019,6.0,0.0
58.txt,220,16,3,90.45899963,2.375999928,86.636,5.53,5.53,1.382,0.0,0.0,3.312999964,0.82099998,331.8179932,245.4550018,90.90899658,13.75,0.0,13.63599968,18.18199921,0.143999994,0.128999993,0.666999996,0.133000001,0.093000002,0.723999977,0.200000003,0.135000005,0.395999998,0.307000011,0.100000001,0.111000001,0.933000028,8.0,2.828000069
59.txt,240,20,1,92.2440033,2.328000069,85.537,7.438,4.132,1.653,0.826,0.413,3.700000048,0.680000007,358.3330078,204.1670074,116.6669998,12.0,0.0,4.166999817,12.5,0.151999995,0.151999995,0.526000023,0.263000011,0.130999997,0.400000006,0.116999999,0.105999999,0.367000014,0.273000002,0.143000007,0.071000002,0.867999971,10.0,1.414000034
59.txt,208,13,2,80.43099976,2.306999922,86.538,6.731,2.885,1.923,1.923,0.0,3.769000053,0.620999992,302.8850098,254.8079987,62.5,16.0,0.0,0.0,19.2310009,0.138999999,0.133000001,0.416999996,0.333000004,0.182999998,0.573000014,0.147,0.151999995,0.209999993,0.261000007,0.375,0.555999994,0.916999996,6.5,2.121000051
59.txt,191,16,3,77.72399902,2.448999882,87.302,9.524,1.058,0.529,0.529,0.0,3.187999964,0.635999978,329.8429871,235.602005,94.24099731,11.93799973,0.0,0.0,20.94199944,0.136000007,0.138999999,0.333000004,0.067000002,0.061000001,0.467000008,0.133000001,0.088,0.455000013,0.264999986,0.625,1.0,0.73299998,8.0,1.414000034
6.txt,158,13,1,70.61799622,2.328000069,88.679,6.289,1.887,1.258,1.258,0.629,2.923000097,0.787,316.4559937,259.493988,75.9489975,12.15400028,0.0,0.0,31.64599991,0.180000007,0.152999997,0.583000004,0.0,0.130999997,0.693000019,0.093000002,0.135000005,0.50999999,0.264999986,0.375,0.077,0.791999996,6.5,4.949999809
6.txt,125,11,2,109.2600021,2.346999884,88.71,4.839,4.032,1.613,0.806,0.0,2.364000082,0.589999974,376.0,216.0,80.0,11.27299976,0.0,8.0,24.0,0.128000006,0.135000005,0.300000012,0.200000003,0.088,0.254999995,0.055,0.064000003,0.377999991,0.209000006,0.166999996,0.5,0.949999988,5.5,2.121000051
6.txt,197,17,3,91.10399628,2.279999971,88.889,5.556,3.535,2.02,0.0,0.0,2.118000031,0.644999981,345.178009,284.2640076,55.83800125,11.76500034,5.076000214,20.30500031,30.45700073,0.166999996,0.162,0.375,0.187999994,0.123000003,0.36500001,0.112999998,0.115000002,0.495000005,0.312999994,0.125,0.5,0.938000023,8.5,2.121000051
60.txt,173,12,1,79.30899811,2.275000095,85.714,6.857,4.571,1.143,1.714,0.0,3.667000055,0.603999972,352.6010132,236.9940033,98.26599884,14.41699982,0.0,0.0,17.3409996,0.148000002,0.109999999,0.363999993,0.0,0.109999999,0.61500001,0.077,0.126000002,0.340000004,0.246999994,0.200000003,0.5,1.0,6.0,2.828000069
60.txt,147,9,2,74.69000244,2.213999987,84.564,8.054,2.013,2.013,1.342,1.342,4.222000122,0.810000002,346.9389954,224.4900055,115.6460037,16.33300018,0.0,6.802999973,27.21100044,0.096000001,0.092,0.5,0.0,0.056000002,0.444000006,0.166999996,0.125,0.171000004,0.203999996,0.0,0.800000012,0.813000023,4.5,0.707000017
60.txt,207,15,3,56.79899979,2.349999905,86.603,7.177,4.785,0.0,0.957,0.478,3.066999912,0.737999976,352.6570129,246.3769989,86.95700073,13.86699963,0.0,4.830999851,33.81600189,0.150000006,0.119000003,0.713999987,0.286000013,0.096000001,0.588999987,0.167999998,0.086999997,0.508000016,0.263999999,0.5,0.166999996,0.75,7.5,2.121000051
61.txt,196,14,1,67.5739975,2.308000088,89.447,4.523,4.02,0.503,1.508,0.0,4.928999901,0.623000026,321.4289856,244.897995,137.7550049,14.0,20.40800095,5.102000237,20.40800095,0.086000003,0.093999997,0.462000012,0.153999999,0.103,0.375999987,0.141000003,0.108000003,0.493000001,0.268999994,0.0,0.375,0.88499999,7.0,2.828000069
61.txt,236,18,2,69.23999786,2.305000067,87.764,5.485,4.641,1.266,0.844,0.0,3.167000055,0.777999997,372.881012,203.3899994,114.4069977,13.11100006,0.0,0.0,21.18600082,0.120999999,0.138999999,0.588,0.352999985,0.136000007,0.400000006,0.184,0.131999999,0.552999973,0.289000005,0.0,0.666999996,0.824000001,9.0,2.828000069
61.txt,187,13,3,89.82800293,2.118999958,80.526,8.421,6.316,1.053,1.579,0.526,4.385000229,0.855000019,342.2460022,219.2510071,96.25700378,14.53800011,10.69499969,21.38999939,0.0,0.112000003,0.112000003,0.583000004,0.082999997,0.101000004,0.652999997,0.200000003,0.148000002,0.462000012,0.273999989,0.0,0.5,0.916999996,6.5,2.121000051
62.txt,154,13,1,100.6029968,2.453999996,90.968,5.161,2.581,0.645,0.0,0.645,3.38499999,0.405000001,318.1820068,259.7399902,58.44200134,11.92300034,0.0,19.4810009,19.4810009,0.133000001,0.136999995,0.583000004,0.082999997,0.136000007,0.479999989,0.079999998,0.101000004,0.340000004,0.248999998,0.666999996,0.333000004,0.791999996,6.5,2.121000051
62.txt,193,13,2,89.74199677,2.325999975,89.583,4.688,4.688,0.0,0.521,0.521,4.230999947,0.625,383.4200134,248.7050018,98.44599915,14.92300034,0.0,5.181000233,15.54399967,0.100000001,0.097999997,0.75,0.333000004,0.126000002,0.453000009,0.172999993,0.100000001,0.529999971,0.272000015,0.143000007,0.166999996,0.875,6.5,3.536000013
62.txt,225,10,3,99.2009964,1.889000058,77.928,9.459,6.306,2.252,0.45,1.351,8.399999619,0.904999971,337.7780151,200.0,137.7779999,22.5,4.443999767,0.0,22.22200012,0.082999997,0.089000002,0.666999996,0.333000004,0.141000003,0.711000025,0.356000006,0.160999998,0.485000014,0.25,0.111000001,1.0,0.888999999,5.0,1.414000034
63.txt,239,10,1,79.2559967,2.390000105,90.496,6.198,2.066,1.24,0.0,0.0,6.099999905,0.647000015,338.9119873,242.6779938,83.68199921,24.29999924,0.0,16.73600006,33.47299957,0.075999998,0.077,0.888999999,0.555999994,0.234999999,0.977999985,0.555999994,0.231000006,0.629999995,0.314999998,0.666999996,0.5,0.944000006,5.0,0.0
63.txt,172,13,2,77.66699982,2.35800004,87.356,8.046,3.448,0.575,0.575,0.0,2.154000044,0.661000013,372.0929871,244.1860046,93.02300262,13.23099995,0.0,0.0,17.44199944,0.101999998,0.128000006,0.666999996,0.166999996,0.142000005,0.626999974,0.147,0.150000006,0.319000006,0.282000005,0.75,0.100000001,0.916999996,6.5,0.707000017
63.txt,212,17,3,92.59700012,2.388999939,89.952,3.349,3.828,0.957,0.478,0.478,4.587999821,0.638999999,386.7919922,198.1130066,84.90599823,12.64700031,0.0,18.86800003,14.15100002,0.156000003,0.175999999,0.75,0.063000001,0.128000006,0.69599998,0.122000001,0.128000006,0.589999974,0.291999996,0.166999996,0.25,0.938000023,8.5,0.707000017
64.txt,195,15,1,86.58799744,2.397000074,87.565,9.326,1.036,0.518,0.518,0.518,2.933000088,0.635999978,338.4620056,241.026001,87.17900085,13.06700039,0.0,10.25599957,20.51300049,0.130999997,0.128000006,0.643000007,0.071000002,0.063000001,0.611000001,0.126000002,0.066,0.606999993,0.25,0.25,0.111000001,0.82099998,7.5,0.707000017
64.txt,143,10,2,88.59600067,2.335000038,88.966,5.517,0.69,1.379,0.69,0.69,5.300000191,0.458000004,384.6149902,216.7830048,97.90200043,14.30000019,6.993000031,0.0,6.993000031,0.126000002,0.136999995,0.444000006,0.111000001,0.126000002,0.488999993,0.067000002,0.111000001,0.344999999,0.246999994,0.5,0.375,0.666999996,5.0,1.414000034
64.txt,193,16,3,85.00900269,2.124000072,82.474,6.186,6.186,3.093,0.515,0.0,2.812999964,0.578000009,393.7820129,227.9790039,134.7149963,12.06299973,0.0,10.36299992,15.54399967,0.158000007,0.143000007,0.467000008,0.067000002,0.090999998,0.495000005,0.075999998,0.098999999,0.432999998,0.230000004,0.166999996,0.231000006,0.899999976,8.0,1.414000034
65.txt,237,20,1,93.72799683,2.308000088,87.342,6.751,2.11,1.688,1.266,0.422,3.5,0.593999982,308.0169983,244.7259979,80.16899872,11.94999981,0.0,8.43900013,8.43900013,0.180000007,0.187999994,0.684000015,0.0,0.079999998,0.662,0.068999998,0.097999997,0.363999993,0.25999999,0.333000004,0.153999999,0.788999975,10.0,1.414000034
65.txt,223,16,2,110.4309998,1.93900001,76.126,8.559,7.207,3.153,1.351,3.153,5.0,0.814999998,336.322998,233.1840057,98.65499878,14.06299973,13.45300007,13.45300007,13.45300007,0.101999998,0.112000003,0.333000004,0.067000002,0.072999999,0.381000012,0.048,0.068999998,0.361999989,0.206,0.090999998,0.273000002,0.899999976,8.0,5.657000065
65.txt,232,21,3,74.4509964,2.471999884,92.275,3.863,0.858,1.288,0.858,0.0,3.762000084,0.545000017,383.6210022,250.0,73.27600098,11.14299965,0.0,12.93099976,25.86199951,0.204999998,0.177000001,0.550000012,0.050000001,0.112999998,0.400000006,0.064999998,0.079000004,0.432000011,0.250999987,0.375,0.416999996,0.824999988,10.5,0.707000017
66.txt,232,16,1,86.97299957,2.440999985,87.983,7.725,2.575,0.429,0.858,0.429,3.75,0.493000001,344.8280029,254.3099976,103.447998,14.56299973,0.0,4.309999943,21.55200005,0.108000003,0.130999997,0.800000012,0.067000002,0.098999999,0.800000012,0.104999997,0.115000002,0.460999995,0.275999993,0.444000006,0.545000017,0.666999996,8.0,1.414000034
66.txt,143,8,2,76.91600037,2.447000027,86.806,8.333,2.778,0.694,0.694,0.0,3.0,0.605000019,293.7059937,258.7409973,62.93700027,17.875,13.98600006,6.993000031,20.97900009,0.103,0.107000001,0.713999987,0.42899999,0.127000004,0.786000013,0.393000007,0.172999993,0.270000011,0.229000002,1.0,0.713999987,0.856999993,4.0,2.828000069
66.txt,197,20,3,108.3860016,2.259000063,83.582,7.96,5.97,1.99,0.0,0.498,2.75,0.666999996,299.4920044,274.1119995,86.29399872,9.899999619,0.0,15.22799969,35.53300095,0.203999996,0.193000004,0.263000011,0.052999999,0.109999999,0.344999999,0.068999998,0.086999997,0.391000003,0.256000012,0.077,0.100000001,0.842000008,10.0,1.414000034
67.txt,258,23,1,74.19999695,2.181999922,86.973,6.513,3.448,1.916,0.383,0.766,2.477999926,0.726999998,333.3330078,248.0619965,96.89900208,11.26099968,3.875999928,3.875999928,7.751999855,0.156000003,0.158999994,0.591000021,0.181999996,0.125,0.549000025,0.057,0.092,0.550999999,0.252999991,0.0,0.100000001,0.908999979,11.5,0.707000017
67.txt,140,10,2,87.48400116,2.026000023,83.099,8.451,2.113,1.408,2.817,2.112,3.0,0.600000024,442.8569946,200.0,135.7140045,14.10000038,0.0,7.143000126,0.0,0.172000006,0.173999995,0.777999997,0.222000003,0.178000003,0.73299998,0.156000003,0.156000003,0.296000004,0.246000007,0.125,0.375,1.0,5.0,1.414000034
67.txt,200,11,3,84.78099823,1.978999972,80.392,6.863,4.902,3.922,2.941,0.98,5.09100008,0.981999993,320.0,195.0,90.0,18.18199921,5.0,10.0,10.0,0.063000001,0.100000001,0.699999988,0.0,0.120999999,0.763999999,0.217999995,0.201000005,0.349999994,0.27700001,0.143000007,0.166999996,1.0,5.5,2.121000051
68.txt,203,20,1,68.87400055,2.434000015,87.745,8.333,2.451,0.49,0.49,0.49,2.700000048,0.63499999,359.6059875,295.5669861,83.7440033,10.19999981,4.926000118,9.852000237,49.26100159,0.178000003,0.187999994,0.526000023,0.104999997,0.082000002,0.455000013,0.041000001,0.075000003,0.412999988,0.246999994,0.082999997,0.063000001,0.842000008,10.0,4.243000031
68.txt,158,14,2,68.59999847,2.438999891,90.625,6.875,1.25,0.625,0.625,0.0,3.357000113,0.509000003,411.3919983,234.177002,107.5950012,11.28600025,0.0,6.328999996,25.31599998,0.148000002,0.128000006,0.537999988,0.077,0.108999997,0.564999998,0.082000002,0.093999997,0.361999989,0.250999987,0.100000001,0.25,0.922999978,7.0,2.828000069
68.txt,249,14,3,94.06400299,1.945000052,75.0,9.524,10.317,3.968,1.19,0.0,5.071000099,0.971000016,313.2529907,204.8190002,92.3690033,17.85700035,0.0,0.0,12.04800034,0.097999997,0.097999997,0.537999988,0.307999998,0.114,0.611999989,0.282000005,0.151999995,0.583999991,0.275999993,0.25,0.57099998,1.0,7.0,0.0
69.txt,234,14,1,89.41100311,2.243000031,85.106,7.234,5.532,0.851,0.426,0.426,3.928999901,0.72299999,333.3330078,252.1369934,76.92299652,16.7140007,0.0,4.274000168,29.91500092,0.105999999,0.107000001,0.462000012,0.231000006,0.123000003,0.435000002,0.141000003,0.083999999,0.446999997,0.252000004,0.57099998,0.333000004,0.768999994,7.0,2.828000069
69.txt,149,9,2,80.43699646,2.40899992,87.333,8.667,0.0,2.0,1.333,0.0,5.888999939,0.56099999,335.5700073,234.8990021,80.53700256,16.77799988,0.0,20.13400078,6.710999966,0.112999998,0.098999999,1.0,0.25,0.138999999,1.0,0.25,0.178000003,0.416999996,0.252999991,0.75,0.333000004,1.0,4.5,0.707000017
69.txt,278,14,3,87.94000244,2.046000004,80.851,8.511,3.191,4.61,1.418,1.419,6.0,0.97299999,323.7409973,223.0220032,107.9140015,20.2140007,7.193999767,7.193999767,17.98600006,0.118000001,0.103,0.61500001,0.077,0.112999998,0.671000004,0.165000007,0.120999999,0.456,0.263000011,0.333000004,0.333000004,0.962000012,7.0,0.0
7.txt,147,10,1,86.15299988,2.328000069,90.604,6.711,1.342,0.671,0.671,0.0,6.599999905,0.57099998,360.5440063,244.897995,102.0410004,14.69999981,0.0,0.0,13.60499954,0.224999994,0.178000003,0.888999999,0.111000001,0.140000001,0.755999982,0.067000002,0.120999999,0.35800001,0.246999994,0.625,0.333000004,1.0,5.0,0.0
7.txt,111,10,2,93.81800079,2.355000019,86.486,5.405,5.405,1.802,0.901,0.0,4.199999809,0.666999996,369.368988,207.2070007,72.0719986,10.89999962,0.0,9.008999825,9.008999825,0.165000007,0.172000006,0.666999996,0.111000001,0.090999998,0.600000024,0.044,0.085000001,0.425000012,0.202999994,0.25,0.300000012,0.944000006,5.0,2.828000069
7.txt,212,10,3,102.0680008,2.160000086,84.186,6.512,6.977,1.395,0.93,0.0,4.400000095,0.772000015,306.6040039,226.4149933,99.05699921,21.29999924,4.717000008,18.86800003,28.30200005,0.082999997,0.081,0.777999997,0.111000001,0.163000003,0.822000027,0.111000001,0.179000005,0.456999987,0.275999993,0.42899999,0.143000007,1.0,5.0,0.0
70.txt,192,14,1,89.10099792,2.361999989,89.175,5.155,3.093,1.031,1.031,0.515,3.286000013,0.712000012,354.1669922,218.75,67.70800018,13.71399975,0.0,0.0,15.625,0.093999997,0.103,0.691999972,0.077,0.101000004,0.552999973,0.118000001,0.100000001,0.437999994,0.245000005,0.166999996,0.090999998,0.922999978,7.0,1.414000034
70.txt,163,11,2,73.67700195,2.177000046,85.455,7.879,2.424,1.818,1.818,0.606,4.272999763,0.72299999,361.9630127,184.048996,104.2939987,14.81799984,0.0,0.0,12.27000046,0.116999999,0.115000002,0.899999976,0.200000003,0.151999995,0.926999986,0.108999997,0.167999998,0.340000004,0.248999998,0.333000004,0.333000004,0.800000012,5.5,0.707000017
70.txt,268,15,3,99.46800232,1.886999965,77.122,10.701,7.749,2.952,1.476,0.0,4.867000103,0.862999976,361.9400024,201.4929962,123.1340027,17.86700058,3.730999947,7.462999821,14.92500019,0.142000005,0.122000001,0.57099998,0.0,0.123999998,0.578999996,0.126000002,0.142000005,0.419999987,0.254999995,0.166999996,0.5,0.893000007,7.5,2.121000051
71.txt,185,13,1,103.8310013,2.190999985,81.283,12.299,3.209,1.07,1.07,0.535,3.538000107,0.783999979,329.730011,210.8110046,102.7030029,14.15400028,5.40500021,5.40500021,5.40500021,0.119999997,0.119000003,0.666999996,0.082999997,0.127000004,0.587000012,0.147,0.120999999,0.344000012,0.245000005,0.713999987,0.333000004,0.875,6.5,2.121000051
71.txt,187,17,2,63.42200089,2.450999975,89.84,6.417,3.209,0.535,0.0,0.0,1.940999985,0.458000004,352.9410095,278.0750122,58.82400131,11.05900002,0.0,10.69499969,32.08599854,0.159999996,0.173999995,0.938000023,0.187999994,0.185000002,0.748000026,0.061000001,0.148000002,0.526000023,0.284000009,0.5,0.286000013,0.75,8.5,3.536000013
71.txt,238,11,3,84.74199677,1.815999985,73.251,9.877,9.465,3.704,1.646,1.647,5.90899992,1.014999986,344.5379944,201.6809998,109.2440033,21.63599968,12.60499954,0.0,12.60499954,0.067000002,0.077,0.699999988,0.200000003,0.155000001,0.672999978,0.236000001,0.153999999,0.509000003,0.252000004,0.125,1.0,1.0,5.5,0.707000017
72.txt,240,21,1,74.20700073,2.306999922,87.19,6.612,3.719,0.826,1.653,0.0,3.428999901,0.671000004,366.6669922,241.6670074,83.33300018,11.4289999,4.166999817,0.0,16.66699982,0.177000001,0.170000002,0.550000012,0.050000001,0.123999998,0.483999997,0.097000003,0.105999999,0.432000011,0.268000007,0.363999993,0.583000004,0.899999976,10.5,0.707000017
72.txt,154,15,2,79.6210022,2.375,90.196,3.268,2.614,1.307,1.961,0.0,2.933000088,0.600000024,337.6619873,227.272995,103.8960037,10.2670002,12.98700047,6.493999958,19.4810009,0.193000004,0.166999996,0.356999993,0.0,0.024,0.326000005,0.041999999,0.061000001,0.280999988,0.231000006,0.0,0.0,0.786000013,7.5,3.536000013
72.txt,248,15,3,102.5579987,1.784000039,71.255,8.907,6.883,5.263,4.858,2.835,4.0,0.713999987,379.0320129,221.7740021,129.0319977,16.53300095,8.06499958,4.032000065,8.06499958,0.141000003,0.119000003,0.42899999,0.214000002,0.039000001,0.483999997,0.188999996,0.081,0.421000004,0.226999998,0.0,0.42899999,0.82099998,7.5,2.121000051
73.txt,241,14,1,95.1969986,2.421999931,90.0,6.25,1.667,1.25,0.417,0.417,2.928999901,0.703000009,311.2030029,257.2609863,95.43599701,17.2140007,0.0,4.149000168,20.74699974,0.093999997,0.098999999,0.846000016,0.231000006,0.149000004,0.717999995,0.200000003,0.119000003,0.333999991,0.264999986,0.625,0.356999993,0.653999984,7.0,0.0
73.txt,196,20,2,87.0019989,2.321000099,89.394,5.051,3.03,1.01,1.01,0.505,2.5,0.569000006,382.6530151,265.3059998,102.0410004,9.850000381,0.0,0.0,15.30599976,0.166999996,0.150000006,0.526000023,0.210999995,0.112000003,0.428000003,0.061999999,0.066,0.470999986,0.252000004,0.25,0.181999996,0.921000004,10.0,4.243000031
73.txt,256,11,3,87.98300171,2.00999999,81.923,6.923,5.769,4.231,1.154,0.0,3.818000078,0.870000005,371.0939941,199.2189941,121.0940018,23.36400032,3.905999899,0.0,3.905999899,0.098999999,0.083999999,0.899999976,0.5,0.233999997,0.873000026,0.291000009,0.194000006,0.467999995,0.287,0.400000006,0.713999987,0.850000024,5.5,0.707000017
74.txt,146,14,1,101.0210037,2.332000017,87.162,7.432,2.703,1.351,1.351,0.0,2.5,0.610000014,308.2189941,239.7259979,82.19200134,10.4289999,0.0,0.0,20.54800034,0.148000002,0.158999994,0.231000006,0.0,0.103,0.259000003,0.012,0.079000004,0.294,0.230000004,0.333000004,0.0,0.846000016,7.0,4.243000031
74.txt,164,18,2,85.9240036,2.40199995,87.195,10.366,1.22,1.22,0.0,0.0,3.167000055,0.653999984,347.5610046,225.6100006,91.46299744,9.111000061,6.09800005,6.09800005,18.29299927,0.232999995,0.209000006,0.470999986,0.0,0.088,0.512000024,0.071999997,0.104000002,0.386000007,0.272000015,0.077,0.111000001,0.882000029,9.0,2.828000069
74.txt,218,13,3,87.46199799,2.102999926,83.857,8.072,6.278,0.448,0.897,0.448,6.769000053,0.805999994,330.2749939,261.4679871,91.74299622,16.7689991,4.586999893,9.173999786,18.34900093,0.156000003,0.145999998,0.666999996,0.166999996,0.112000003,0.720000029,0.226999998,0.115999997,0.495000005,0.248999998,0.0,0.125,0.833000004,6.5,0.707000017
75.txt,169,17,1,104.3460007,2.411999941,90.0,7.059,2.353,0.588,0.0,0.0,2.881999969,0.49000001,319.5270081,260.355011,76.92299652,9.940999985,0.0,0.0,17.75099945,0.149000004,0.150999993,0.437999994,0.063000001,0.097000003,0.374000013,0.052000001,0.101999998,0.214000002,0.263000011,0.082999997,0.111000001,0.938000023,8.5,0.707000017
75.txt,163,18,2,132.473999,2.395999908,87.805,7.317,3.049,0.61,0.61,0.0,3.5,0.711000025,294.4790039,239.2640076,116.564003,9.111000061,6.135000229,18.40500069,18.40500069,0.195999995,0.192000002,0.352999985,0.059,0.125,0.184,0.032000002,0.057,0.479999989,0.230000004,0.082999997,0.800000012,0.940999985,9.0,4.243000031
75.txt,241,14,3,116.1139984,1.812000036,71.064,8.511,10.213,5.532,2.128,2.554,4.071000099,0.739000022,352.696991,240.6640015,116.1829987,17.2140007,8.298999786,8.298999786,8.298999786,0.128999993,0.094999999,0.537999988,0.153999999,0.128999993,0.481999993,0.128999993,0.083999999,0.423999995,0.229000002,0.0,0.333000004,0.808000028,7.0,4.243000031
76.txt,238,15,1,73.40299988,2.463000059,93.305,2.929,2.929,0.418,0.418,0.0,1.667000055,0.652999997,373.9500122,239.4960022,79.83200073,15.86699963,4.202000141,4.202000141,25.20999908,0.098999999,0.104999997,0.786000013,0.214000002,0.089000002,0.716000021,0.179000005,0.158999994,0.382999986,0.305000007,0.25,0.444000006,0.856999993,7.5,0.707000017
76.txt,229,13,2,91.23600006,2.069000006,80.952,8.225,4.762,3.463,1.299,0.433,2.538000107,0.686999977,349.3450012,231.4409943,82.96900177,17.61499977,0.0,8.734000206,30.56800079,0.055,0.075000003,0.833000004,0.25,0.158999994,0.852999985,0.172999993,0.138999999,0.270999998,0.246999994,0.0,0.0,0.875,6.5,0.707000017
76.txt,261,14,3,98.71900177,1.815000057,70.498,9.579,10.345,5.364,2.682,1.532,5.071000099,1.07099998,337.1650085,195.4019928,111.1110001,18.64299965,0.0,3.83100009,7.663000107,0.115999997,0.114,0.691999972,0.077,0.082000002,0.681999981,0.152999997,0.108000003,0.556999981,0.252999991,0.090999998,0.333000004,0.922999978,7.0,1.414000034
77.txt,175,14,1,68.25499725,2.309000015,91.011,3.933,3.371,1.124,0.562,0.0,2.142999887,0.518999994,365.7139893,251.4290009,74.28600311,12.5710001,5.714000225,5.714000225,11.4289999,0.142000005,0.131999999,1.0,0.153999999,0.098999999,0.800000012,0.141000003,0.123999998,0.460000008,0.259000003,0.0,0.0,0.922999978,7.0,0.0
77.txt,130,12,2,62.84700012,2.305999994,87.023,6.87,3.053,2.29,0.763,0.0,2.25,0.768999994,353.8460083,207.6920013,76.92299652,10.83300018,0.0,0.0,23.07699966,0.206,0.163000003,0.726999998,0.0,0.075999998,0.768999994,0.077,0.105999999,0.414000005,0.252999991,0.111000001,0.0,1.0,6.0,4.243000031
77.txt,264,13,3,105.9079971,2.099999905,79.775,10.861,3.371,2.996,1.124,1.124,5.153999805,0.898999989,340.9089966,231.0610046,94.6969986,20.30800056,0.0,0.0,22.72699928,0.096000001,0.082000002,0.416999996,0.25,0.141000003,0.507000029,0.319999993,0.120999999,0.527999997,0.254999995,0.200000003,0.875,0.958000004,6.5,2.121000051
78.txt,257,18,1,76.76599884,2.01699996,85.271,4.651,4.264,2.326,1.938,1.551,2.888999939,0.800000012,346.3039856,214.0079956,124.5139999,14.27799988,3.891000032,3.891000032,11.67300034,0.142000005,0.128999993,0.528999984,0.118000001,0.085000001,0.512000024,0.143999994,0.112000003,0.442999989,0.275999993,0.077,0.125,0.675999999,9.0,1.414000034
78.txt,118,8,2,105.5950012,2.414999962,89.076,5.042,3.361,0.0,2.521,0.0,5.5,0.938000023,296.6099854,228.8139954,50.84700012,14.875,0.0,8.475000381,8.475000381,0.083999999,0.082000002,0.713999987,0.286000013,0.150000006,0.536000013,0.286000013,0.138999999,0.300000012,0.228,0.75,0.5,0.643000007,4.0,2.828000069
78.txt,233,12,3,97.42700195,2.061000109,76.923,11.111,5.556,2.991,1.709,1.281,3.917000055,0.764999986,364.8070068,214.5919952,137.3390045,19.41699982,4.291999817,0.0,21.45899963,0.055,0.064000003,0.545000017,0.545000017,0.173999995,0.646000028,0.368999988,0.159999996,0.488000005,0.270000011,0.5,1.399999976,1.0,6.0,1.414000034
79.txt,196,13,1,98.17099762,2.203999996,87.374,7.576,3.03,1.01,1.01,0.0,3.076999903,0.56099999,336.7349854,239.7960052,107.1429977,15.23099995,0.0,10.20400047,0.0,0.119999997,0.129999995,0.583000004,0.166999996,0.134000003,0.546999991,0.147,0.136000007,0.524999976,0.284999996,0.0,0.25,0.833000004,6.5,0.707000017
79.txt,176,12,2,95.18099976,2.280999899,85.795,8.523,3.409,0.568,0.568,0.568,3.5,0.843999982,306.8179932,227.272995,68.18199921,14.66699982,0.0,5.68200016,11.36400032,0.128999993,0.129999995,0.635999978,0.273000002,0.138999999,0.61500001,0.153999999,0.107000001,0.486000001,0.259000003,1.0,0.5,0.908999979,6.0,1.414000034
79.txt,259,15,3,95.48400116,2.065999985,83.969,8.779,3.817,1.908,1.527,0.0,3.667000055,0.887000024,351.3510132,200.7720032,108.1080017,17.2670002,7.722000122,0.0,19.30500031,0.086000003,0.093999997,0.643000007,0.143000007,0.127000004,0.537,0.104999997,0.098999999,0.504000008,0.245000005,0.25,0.363999993,0.963999987,7.5,0.707000017
8.txt,172,15,1,79.10700226,2.178999901,89.017,6.936,1.734,1.734,0.578,0.0,3.0,0.782000005,348.8370056,250.0,93.02300262,11.46700001,0.0,0.0,23.25600052,0.137999997,0.115000002,0.786000013,0.143000007,0.098999999,0.674000025,0.104999997,0.086000003,0.301999986,0.231999993,0.0,0.125,0.75,7.5,3.536000013
8.txt,155,13,2,64.17299652,2.348999977,90.968,7.097,1.29,0.645,0.0,0.0,2.845999956,0.791999996,348.3869934,251.6130066,64.51599884,11.92300034,0.0,12.90299988,19.35499954,0.114,0.130999997,0.75,0.0,0.142000005,0.652999997,0.119999997,0.123999998,0.550999999,0.282999992,0.0,0.0,0.916999996,6.5,3.536000013
8.txt,242,16,3,73.25099945,2.142999887,79.339,10.744,7.438,0.826,1.24,0.413,5.063000202,0.796999991,359.5039978,206.6119995,115.7020035,15.25,4.131999969,8.263999939,16.52899933,0.119999997,0.098999999,0.866999984,0.467000008,0.214000002,0.610000014,0.31400001,0.166999996,0.572000027,0.312000006,0.400000006,0.625,0.800000012,8.0,0.0
80.txt,155,9,1,74.30500031,2.525000095,89.61,7.143,1.299,0.649,0.649,0.649,4.777999878,0.625,348.3869934,193.5480042,103.2259979,17.33300018,0.0,12.90299988,6.452000141,0.129999995,0.128999993,0.5,0.125,0.150000006,0.527999997,0.305999994,0.191,0.451999992,0.289999992,0.800000012,0.166999996,0.875,4.5,2.121000051
80.txt,157,11,2,79.15699768,2.131000042,85.443,9.494,1.266,2.532,0.633,0.633,4.0,0.935000002,343.9490051,229.298996,89.17199707,14.18200016,0.0,0.0,6.368999958,0.187999994,0.158999994,0.600000024,0.100000001,0.130999997,0.672999978,0.217999995,0.126000002,0.430000007,0.219999999,0.143000007,0.333000004,1.0,5.5,0.707000017
80.txt,292,13,3,92.84700012,2.147000074,82.818,10.653,3.78,1.375,1.031,0.0,5.461999893,0.828000009,339.0409851,246.5749969,116.4380035,22.46199989,3.424999952,3.424999952,27.39699936,0.082000002,0.096000001,0.583000004,0.082999997,0.090000004,0.666999996,0.226999998,0.108999997,0.351999998,0.237000003,0.222000003,0.666999996,0.791999996,6.5,0.707000017
81.txt,186,15,1,80.07499695,2.410000086,88.172,6.989,3.763,0.0,0.538,0.0,3.132999897,0.555999994,344.0859985,301.0750122,75.26899719,12.39999962,0.0,10.75300026,32.25799942,0.164000005,0.135000005,0.5,0.071000002,0.090000004,0.526000023,0.083999999,0.075000003,0.386999995,0.268999994,0.125,0.286000013,0.786000013,7.5,2.121000051
81.txt,244,20,2,96.09400177,2.280999899,89.157,6.426,2.811,0.0,1.606,0.0,3.75,0.728999972,327.868988,229.5079956,98.36100006,12.25,0.0,4.09800005,20.49200058,0.163000003,0.143000007,0.421000004,0.0,0.067000002,0.448000014,0.068999998,0.055,0.377999991,0.248999998,0.307999998,0.600000024,0.815999985,10.0,2.828000069
81.txt,243,12,3,103.461998,2.084000111,81.707,9.35,6.098,1.22,1.626,0.0,6.083000183,0.851000011,320.9880066,238.6829987,82.30500031,20.25,8.229999542,8.229999542,20.57600021,0.086999997,0.097000003,0.818000019,0.363999993,0.174999997,0.676999986,0.231000006,0.136999995,0.388000011,0.247999996,0.222000003,0.713999987,0.908999979,6.0,1.414000034
82.txt,229,18,1,108.9779968,2.217000008,83.406,12.227,3.057,0.437,0.437,0.0,4.0,0.513999999,353.7120056,227.0740051,100.4369965,12.72200012,4.367000103,4.367000103,13.10000038,0.128000006,0.107000001,0.588,0.175999999,0.134000003,0.416000009,0.079999998,0.092,0.437999994,0.256999999,0.090999998,0.333000004,0.764999986,9.0,1.414000034
82.txt,178,12,2,74.06400299,2.424000025,87.222,6.667,3.333,0.556,1.111,0.556,2.417000055,0.672999978,348.3150024,252.8090057,78.65200043,14.83300018,0.0,0.0,33.70800018,0.086999997,0.083999999,0.635999978,0.090999998,0.090999998,0.569000006,0.137999997,0.109999999,0.456,0.259000003,0.0,0.0,0.864000022,6.0,2.828000069
82.txt,289,16,3,90.67700195,2.032000065,80.903,9.722,5.556,1.042,2.778,0.0,7.188000202,0.850000024,352.9410095,256.0549927,100.3460007,18.06299973,0.0,3.460000038,20.76099968,0.136000007,0.130999997,0.467000008,0.333000004,0.083999999,0.419,0.229000002,0.101000004,0.356999993,0.247999996,0.5,0.455000013,0.933000028,8.0,0.0
83.txt,195,15,1,76.37400055,2.448999882,92.386,4.061,2.03,1.015,0.508,0.0,3.26699996,0.509000003,292.3080139,276.9230042,87.17900085,13.13300037,0.0,15.38500023,5.127999783,0.162,0.136999995,0.786000013,0.143000007,0.131999999,0.632000029,0.136999995,0.133000001,0.293000013,0.277999997,0.25,0.200000003,0.75,7.5,0.707000017
83.txt,191,20,2,75.53900146,2.329999924,90.206,3.093,3.093,1.546,1.546,0.0,2.799999952,0.467999995,361.2569885,277.4869995,94.24099731,9.550000191,5.236000061,0.0,26.1779995,0.157000005,0.155000001,0.578999996,0.0,0.120999999,0.428000003,0.075999998,0.092,0.412999988,0.26699999,0.153999999,0.214000002,0.921000004,10.0,5.657000065
83.txt,194,11,3,108.8320007,2.019999981,82.653,8.163,4.592,1.531,2.551,0.51,4.09100008,0.860000014,350.5150146,211.3399963,82.47399902,17.63599968,5.15500021,0.0,15.46399975,0.101999998,0.107000001,0.600000024,0.0,0.085000001,0.617999971,0.164000005,0.104000002,0.572000027,0.238999993,0.333000004,0.375,0.800000012,5.5,2.121000051
84.txt,214,15,1,74.3219986,2.434999943,89.72,5.14,3.738,0.467,0.935,0.0,2.867000103,0.58099997,364.4859924,252.3359985,88.78500366,14.2670002,0.0,0.0,23.36400032,0.115999997,0.119000003,0.42899999,0.143000007,0.103,0.411000013,0.115999997,0.101999998,0.423999995,0.273000002,0.625,0.5,0.92900002,7.5,2.121000051
84.txt,164,12,2,64.81800079,2.332999945,86.826,8.383,2.994,1.198,0.599,0.0,3.082999945,0.680999994,310.9760132,237.8049927,97.56099701,13.66699982,6.09800005,0.0,12.19499969,0.172999993,0.142000005,0.726999998,0.090999998,0.071999997,0.630999982,0.108000003,0.061999999,0.400000006,0.206,0.42899999,0.666999996,0.954999983,6.0,1.414000034
84.txt,233,14,3,83.23799896,2.190999985,84.052,9.052,2.586,2.586,0.862,0.0,5.356999874,0.646000028,300.4289856,231.7599945,133.0469971,16.64299965,4.291999817,8.583999634,17.16699982,0.082999997,0.086999997,0.691999972,0.153999999,0.128000006,0.647000015,0.141000003,0.119999997,0.463999987,0.240999997,0.143000007,0.222000003,0.691999972,7.0,1.414000034
85.txt,257,23,1,74.48799896,2.371000051,88.506,6.897,2.682,1.149,0.383,0.383,2.086999893,0.680999994,291.82901,260.7000122,62.25699997,11.17399979,0.0,0.0,15.56400013,0.126000002,0.160999998,0.591000021,0.181999996,0.123999998,0.593999982,0.153999999,0.104000002,0.550999999,0.286000013,0.294,0.416999996,0.885999978,11.5,0.707000017
85.txt,181,13,2,65.69599915,2.315000057,84.699,8.743,3.825,1.093,0.0,1.639,4.308000088,0.583000004,292.8179932,303.8670044,77.34799957,14.0,5.525000095,11.05000019,49.72399902,0.149000004,0.152999997,0.5,0.082999997,0.101000004,0.693000019,0.133000001,0.140000001,0.337000012,0.264999986,0.286000013,0.200000003,1.0,6.5,0.707000017
85.txt,234,20,3,91.36499786,2.285000086,85.169,8.051,3.814,1.695,0.847,0.424,3.400000095,0.600000024,363.2479858,200.8549957,102.564003,11.69999981,0.0,17.09399986,25.64100075,0.175999999,0.167999998,0.421000004,0.210999995,0.068000004,0.358999997,0.116999999,0.112999998,0.414999992,0.270000011,0.111000001,0.286000013,0.788999975,10.0,2.828000069
86.txt,223,17,1,84.14800262,2.338999987,88.393,7.143,0.446,2.679,0.893,0.0,3.411999941,0.486000001,363.2290039,246.6369934,107.6230011,13.11800003,0.0,0.0,13.45300007,0.133000001,0.130999997,0.625,0.063000001,0.082999997,0.609000027,0.035,0.086000003,0.388000011,0.256000012,0.231000006,0.231000006,0.906000018,8.5,0.707000017
86.txt,231,10,2,98.83999634,1.89199996,76.395,12.017,4.721,3.004,1.288,1.716,5.699999809,0.949000001,324.6749878,177.4889984,121.211998,23.20000076,0.0,4.328999996,12.98700047,0.079000004,0.072999999,0.555999994,0.0,0.067000002,0.73299998,0.133000001,0.126000002,0.404000014,0.238999993,0.42899999,0.600000024,1.0,5.0,1.414000034
86.txt,251,14,3,80.28399658,2.056999922,81.818,8.696,5.138,2.767,1.186,0.395,6.0,0.845000029,326.6929932,223.1080017,95.61799622,17.92900085,3.983999968,0.0,15.93599987,0.119000003,0.108000003,0.846000016,0.153999999,0.111000001,0.859000027,0.187999994,0.119000003,0.444999993,0.252000004,0.300000012,0.444000006,1.0,7.0,1.414000034
87.txt,211,18,1,105.2509995,2.332999945,84.507,7.512,5.164,1.408,0.469,0.469,2.944000006,0.5,279.6210022,274.8819885,113.7440033,11.72200012,0.0,4.738999844,18.95700073,0.157000005,0.167999998,0.588,0.059,0.100000001,0.519999981,0.056000002,0.115000002,0.456999987,0.259000003,0.200000003,0.200000003,0.882000029,9.0,0.0
87.txt,253,14,2,92.12999725,1.84800005,76.562,6.25,8.594,3.125,2.734,2.344,3.713999987,0.845000029,351.7789917,225.2960052,118.5770035,18.14299965,3.953000069,3.953000069,39.52600098,0.074000001,0.100000001,0.537999988,0.153999999,0.112000003,0.541000009,0.200000003,0.151999995,0.507000029,0.263000011,0.143000007,0.222000003,0.808000028,7.0,0.0
87.txt,246,17,3,105.7369995,2.023999929,80.321,10.04,4.418,2.811,2.008,0.402,5.176000118,0.949999988,284.553009,252.0330048,81.3010025,14.47099972,8.130000114,12.19499969,28.45499992,0.108000003,0.109999999,0.312999994,0.063000001,0.068999998,0.312999994,0.112999998,0.067000002,0.497999996,0.25,0.0,0.0,0.813000023,8.5,3.536000013
88.txt,167,10,1,107.5680008,2.082000017,84.337,6.627,3.012,1.205,4.217,0.0,5.599999905,0.68900001,323.3529968,233.5330048,83.83200073,16.70000076,5.987999916,0.0,17.9640007,0.111000001,0.105999999,0.888999999,0.0,0.128000006,0.911000013,0.133000001,0.162,0.347000003,0.256999999,0.143000007,1.0,1.0,5.0,4.243000031
88.txt,225,15,2,110.098999,1.980000019,74.554,11.607,8.036,1.786,2.232,2.338,3.73300004,1.085000038,328.8890076,204.4440002,93.33300018,14.86699963,4.443999767,4.443999767,4.443999767,0.137999997,0.126000002,0.5,0.071000002,0.089000002,0.347000003,0.063000001,0.064999998,0.381999999,0.215000004,0.111000001,0.111000001,0.786000013,7.5,2.121000051
88.txt,245,16,3,132.0299988,2.094000101,79.032,10.081,6.855,1.613,2.419,0.0,2.687999964,0.680999994,334.6940002,212.2449951,97.95899963,15.375,0.0,4.081999779,4.081999779,0.075999998,0.068000004,0.467000008,0.200000003,0.111000001,0.342999995,0.151999995,0.071999997,0.372999996,0.238000005,0.333000004,0.5,0.866999984,8.0,5.657000065
89.txt,168,15,1,69.35800171,2.375999928,88.824,5.882,1.176,2.353,0.0,0.588,3.26699996,0.555999994,357.1430054,232.1430054,83.33300018,11.19999981,5.952000141,0.0,11.90499973,0.211999997,0.173999995,0.57099998,0.071000002,0.131999999,0.632000029,0.083999999,0.127000004,0.629999995,0.296999991,0.444000006,0.444000006,0.893000007,7.5,0.707000017
89.txt,230,17,2,111.3069992,2.028000116,77.155,11.207,5.172,3.879,1.724,0.862,3.881999969,0.621999979,391.3039856,186.9570007,117.3909988,13.52900028,0.0,4.34800005,4.34800005,0.141000003,0.115000002,0.375,0.063000001,0.068000004,0.321999997,0.086999997,0.089000002,0.483999997,0.228,0.222000003,0.25,0.843999982,8.5,3.536000013
89.txt,277,15,3,143.1779938,1.970999956,77.338,8.273,6.115,2.878,1.799,2.878,3.867000103,0.694000006,371.8410034,227.4369965,115.5230026,18.46699905,3.609999895,10.82999992,14.43999958,0.085000001,0.072999999,0.5,0.071000002,0.097999997,0.558000028,0.158000007,0.086000003,0.368999988,0.223000005,0.181999996,0.856999993,0.856999993,7.5,3.536000013
9.txt,195,14,1,97.65799713,2.332000017,86.735,8.673,2.041,0.0,1.531,1.02,2.642999887,0.643000007,333.3330078,246.154007,117.9489975,14.0,5.127999783,5.127999783,10.25599957,0.114,0.111000001,0.61500001,0.153999999,0.115999997,0.600000024,0.105999999,0.109999999,0.333999991,0.261999995,0.143000007,0.273000002,0.88499999,7.0,4.243000031
9.txt,133,10,2,69.71499634,2.246999979,85.606,7.576,4.545,0.758,0.758,0.758,4.699999809,0.871999979,353.3829956,203.0079956,120.3010025,13.30000019,7.519000053,0.0,22.55599976,0.201000005,0.185000002,0.777999997,0.222000003,0.136000007,0.800000012,0.178000003,0.129999995,0.456999987,0.238000005,0.25,0.222000003,0.777999997,5.0,1.414000034
9.txt,180,14,3,105.8420029,2.40199995,87.293,6.077,3.315,1.105,0.552,0.552,4.5,0.728999972,311.1109924,238.8890076,72.22200012,12.9289999,0.0,16.66699982,22.22200012,0.128000006,0.122000001,0.61500001,0.0,0.071999997,0.552999973,0.071000002,0.107000001,0.439999998,0.254000008,0.166999996,0.375,0.808000028,7.0,1.414000034
90.txt,191,16,1,80.32700348,2.309000015,86.667,8.718,2.564,1.026,1.026,0.0,2.562999964,0.67900002,350.7850037,230.3659973,109.947998,12.0,0.0,5.236000061,15.70699978,0.135000005,0.136999995,0.467000008,0.26699999,0.092,0.370999992,0.162,0.068999998,0.379000008,0.246999994,0.111000001,0.25,0.899999976,8.0,2.828000069
90.txt,229,17,2,98.9240036,2.01699996,79.565,6.957,8.696,2.609,0.87,0.435,2.765000105,1.016000032,314.4100037,205.2400055,91.70300293,13.47099972,0.0,0.0,8.734000206,0.115999997,0.112999998,0.375,0.0,0.061000001,0.330000013,0.122000001,0.086000003,0.531000018,0.231999993,0.100000001,0.200000003,0.906000018,8.5,3.536000013
90.txt,251,10,3,124.3479996,2.048000097,73.81,11.905,5.556,4.365,1.19,1.19,10.19999981,1.202999949,330.677002,167.3309937,99.60199738,25.10000038,3.983999968,11.95199966,19.92000008,0.078000002,0.090999998,0.555999994,0.333000004,0.138999999,0.421999991,0.377999991,0.104000002,0.48300001,0.252999991,0.222000003,1.667000055,0.777999997,5.0,0.0
91.txt,143,14,1,94.57900238,2.280999899,83.448,8.966,3.448,2.069,0.69,1.38,3.142999887,0.532000005,363.6359863,286.7130127,83.91600037,10.28600025,0.0,6.993000031,13.98600006,0.207000002,0.208000004,0.38499999,0.153999999,0.083999999,0.493999988,0.141000003,0.115999997,0.379000008,0.263000011,0.125,0.100000001,0.808000028,7.0,1.414000034
91.txt,244,10,2,96.05899811,1.932999969,80.081,6.911,7.317,1.626,2.033,1.22,9.399999619,1.0,319.6719971,229.5079956,86.06600189,24.39999962,0.0,4.09800005,28.68899918,0.079999998,0.079000004,0.666999996,0.0,0.153999999,0.68900001,0.156000003,0.174999997,0.469999999,0.270000011,0.333000004,1.0,0.777999997,5.0,0.0
91.txt,243,9,3,85.65599823,1.730999947,72.653,9.388,7.347,3.673,3.265,3.264,8.555999756,1.031000018,337.4490051,193.4160004,106.9960022,27.0,0.0,4.114999771,12.34599972,0.077,0.086000003,0.75,0.125,0.234999999,0.666999996,0.222000003,0.210999995,0.439999998,0.263999999,0.200000003,0.833000004,0.75,4.5,0.707000017
92.txt,267,20,1,115.9349976,2.411999941,89.434,7.547,1.887,0.377,0.377,0.0,3.700000048,0.796999991,325.8429871,235.9550018,67.41600037,13.35000038,0.0,7.491000175,26.21699905,0.092,0.107000001,0.316000015,0.104999997,0.085000001,0.421000004,0.144999996,0.088,0.405000001,0.261999995,0.5,0.5,0.842000008,10.0,4.243000031
92.txt,221,12,2,91.31999969,2.255000114,83.408,7.623,4.036,2.691,1.345,0.896,3.75,0.897000015,312.2170105,266.9679871,49.77399826,18.41699982,0.0,0.0,27.14900017,0.085000001,0.090999998,0.455000013,0.363999993,0.133000001,0.414999992,0.261999995,0.125,0.558000028,0.273999989,0.143000007,0.5,1.0,6.0,1.414000034
92.txt,237,11,3,91.33899689,2.09100008,81.933,8.824,5.042,1.681,1.681,0.84,5.90899992,1.085999966,316.4559937,189.8730011,71.73000336,21.54500008,4.218999863,4.218999863,8.43900013,0.050000001,0.039000001,0.699999988,0.200000003,0.090999998,0.490999997,0.217999995,0.104999997,0.513999999,0.25,0.0,0.200000003,0.949999988,5.5,2.121000051
93.txt,223,20,1,88.85900116,2.322999954,84.821,8.036,3.571,2.232,0.446,0.892,2.150000095,0.550999999,358.743988,251.1210022,85.20200348,11.19999981,0.0,8.968999863,26.90600014,0.167999998,0.148000002,0.632000029,0.0,0.078000002,0.586000025,0.082999997,0.092,0.657999992,0.287999988,0.57099998,0.25,0.973999977,10.0,1.414000034
93.txt,260,15,2,92.61000061,2.134000063,81.609,9.579,3.831,3.448,1.149,0.383,3.599999905,0.763999999,346.1539917,257.6919861,111.538002,17.33300018,3.845999956,7.691999912,30.7689991,0.105999999,0.085000001,0.713999987,0.071000002,0.089000002,0.778999984,0.167999998,0.119999997,0.423999995,0.270999998,0.25,0.375,0.856999993,7.5,3.536000013
93.txt,292,22,3,91.26499939,2.207000017,86.149,7.095,5.068,0.338,1.014,0.0,3.0,0.787999988,304.7950134,229.4519958,92.46600342,13.27299976,0.0,0.0,17.12299919,0.115000002,0.101999998,0.476000011,0.048,0.088,0.460999995,0.097000003,0.097000003,0.555999994,0.268000007,0.200000003,0.231000006,0.92900002,11.0,2.828000069
94.txt,176,9,1,79.15100098,2.201999903,84.659,9.659,2.273,2.273,0.568,0.568,4.556000233,0.463999987,397.7269897,227.272995,113.6360016,19.55599976,0.0,0.0,11.36400032,0.068000004,0.100000001,0.75,0.125,0.145999998,0.777999997,0.222000003,0.165000007,0.437999994,0.246000007,0.600000024,0.222000003,0.875,4.5,0.707000017
94.txt,251,16,2,97.04299927,2.130000114,84.462,8.765,4.382,0.797,1.195,0.398,6.625,0.783999979,354.5820007,223.1080017,123.5059967,15.625,11.95199966,0.0,27.88800049,0.128999993,0.114,0.532999992,0.133000001,0.103,0.495000005,0.171000004,0.104000002,0.400999993,0.26699999,0.214000002,0.5,0.866999984,8.0,1.414000034
94.txt,250,16,3,114.151001,2.052000046,81.275,7.57,6.375,3.187,1.594,0.0,4.875,0.773000002,352.0,216.0,88.0,15.625,0.0,4.0,4.0,0.114,0.097999997,0.467000008,0.067000002,0.082000002,0.42899999,0.162,0.119999997,0.409999996,0.26699999,0.400000006,0.222000003,0.666999996,8.0,2.828000069
95.txt,214,15,1,68.79199982,2.461999893,91.628,5.116,1.395,0.0,0.93,0.0,4.467000008,0.587000012,341.1210022,257.0090027,88.78500366,14.46700001,0.0,28.03700066,14.01900005,0.131999999,0.142000005,0.856999993,0.356999993,0.136000007,0.736999989,0.263000011,0.149000004,0.425999999,0.284999996,0.57099998,0.444000006,0.75,7.5,0.707000017
95.txt,230,13,2,93.58100128,2.009000063,78.603,9.607,7.86,1.747,1.31,0.437,5.846000195,0.966000021,360.8699951,200.0,121.7389984,17.69199944,4.34800005,13.04300022,21.73900032,0.108000003,0.125,0.666999996,0.333000004,0.142000005,0.587000012,0.226999998,0.144999996,0.541999996,0.268999994,0.0,0.833000004,1.0,6.5,2.121000051
95.txt,257,14,3,81.84999847,2.207999945,84.496,6.977,5.426,1.938,1.163,0.0,4.356999874,0.680999994,326.8479919,256.8089905,66.14800262,18.35700035,0.0,15.56400013,38.9109993,0.118000001,0.112000003,0.61500001,0.077,0.105999999,0.694000006,0.175999999,0.115000002,0.512000024,0.275999993,0.363999993,0.375,0.922999978,7.0,2.828000069
96.txt,187,20,1,83.43599701,2.289999962,89.529,3.665,2.618,1.571,1.571,1.047,1.850000024,0.51700002,352.9410095,267.3800049,96.25700378,9.350000381,0.0,0.0,21.38999939,0.218999997,0.210999995,0.526000023,0.052999999,0.079000004,0.433999985,0.055,0.083999999,0.442999989,0.240999997,0.125,0.125,0.684000015,10.0,1.414000034
96.txt,234,18,2,97.19999695,1.917999983,76.695,10.593,5.085,4.237,1.271,1.695,5.611000061,0.74000001,384.6149902,183.7610016,123.9319992,13.0,4.274000168,4.274000168,0.0,0.172999993,0.134000003,0.588,0.175999999,0.120999999,0.527999997,0.175999999,0.093000002,0.529999971,0.282999992,0.0,0.625,0.971000016,9.0,1.414000034
96.txt,249,13,3,96.38800049,2.194999933,82.937,7.54,4.762,2.778,1.19,0.794,3.538000107,0.675999999,333.3330078,244.9799957,104.4179993,19.15399933,8.031999588,4.015999794,28.11199951,0.111000001,0.092,0.833000004,0.082999997,0.122000001,0.746999979,0.119999997,0.136999995,0.444000006,0.252999991,0.125,0.166999996,0.875,6.5,0.707000017
97.txt,300,15,1,86.46299744,2.453000069,90.365,4.651,3.322,0.997,0.0,0.0,5.267000198,0.759000003,343.3330078,250.0,56.66699982,20.13299942,3.332999945,10.0,10.0,0.093000002,0.082000002,0.713999987,0.143000007,0.071999997,0.578999996,0.252999991,0.112000003,0.515999973,0.308999985,0.222000003,0.25,0.893000007,7.5,3.536000013
97.txt,286,15,2,88.7009964,1.998999953,78.521,8.099,8.099,2.465,2.113,0.0,4.333000183,0.76700002,325.1749878,241.2590027,101.3990021,18.93300056,10.48999977,6.993000031,27.97200012,0.066,0.072999999,0.713999987,0.143000007,0.115000002,0.726000011,0.115999997,0.123000003,0.528999984,0.246000007,0.333000004,1.0,1.0,7.5,0.707000017
97.txt,252,12,3,92.83899689,2.174999952,82.609,5.534,7.905,1.581,1.186,0.79,8.333000183,0.836000025,345.2380066,210.3170013,95.23799896,21.0,3.967999935,15.87300014,15.87300014,0.112999998,0.086999997,0.818000019,0.273000002,0.197999999,0.737999976,0.231000006,0.150999993,0.458999991,0.270000011,0.125,1.5,0.681999981,6.0,1.414000034
98.txt,192,13,1,109.7279968,2.328000069,89.583,7.292,2.083,0.0,0.521,0.521,4.308000088,0.725000024,302.0830078,302.0830078,67.70800018,14.84599972,0.0,15.625,36.45800018,0.083999999,0.123000003,0.333000004,0.082999997,0.090999998,0.453000009,0.079999998,0.098999999,0.163000003,0.240999997,0.181999996,0.5,0.75,6.5,2.121000051
98.txt,265,10,2,84.3789978,1.879999995,76.779,8.989,5.243,4.494,2.622,1.873,3.0,0.944999993,362.2640076,200.0,94.33999634,26.5,0.0,7.546999931,15.09399986,0.048,0.066,0.888999999,0.333000004,0.199000001,0.911000013,0.333000004,0.206,0.40200001,0.261999995,0.0,0.0,0.888999999,5.0,0.0
98.txt,192,14,3,91.61199951,2.058000088,80.729,12.5,3.646,1.042,2.083,0.0,2.286000013,0.888999999,322.9169922,234.375,72.91699982,13.71399975,20.83300018,0.0,20.83300018,0.131999999,0.120999999,0.307999998,0.0,0.044,0.317999989,0.152999997,0.077,0.469000012,0.246999994,0.111000001,0.400000006,0.846000016,7.0,1.414000034
99.txt,184,16,1,100.3339996,2.260999918,87.701,8.556,1.604,0.535,1.07,0.0,3.312999964,0.81099999,336.9570007,222.826004,108.6959991,11.625,0.0,10.86999989,16.30400085,0.158999994,0.144999996,0.400000006,0.067000002,0.078000002,0.532999992,0.094999999,0.086000003,0.488999993,0.229000002,0.0,0.300000012,0.866999984,8.0,1.414000034
99.txt,250,11,2,107.9550018,1.728000045,69.2,12.4,9.2,2.8,3.2,2.8,8.909000397,1.0,336.0,192.0,92.0,22.72699928,4.0,4.0,24.0,0.068999998,0.075000003,0.600000024,0.400000006,0.204999998,0.52700001,0.273000002,0.187000006,0.488000005,0.263999999,0.5,0.600000024,0.899999976,5.5,2.121000051
99.txt,207,11,3,85.72399902,1.878000021,76.526,9.859,5.164,1.878,3.286,2.816,5.727000237,0.926999986,318.8410034,217.3910065,77.29499817,18.81800079,4.830999851,4.830999851,14.49300003,0.119000003,0.115000002,0.800000012,0.200000003,0.141000003,0.818000019,0.181999996,0.123999998,0.456,0.239999995,0.0,0.5,0.800000012,5.5,0.707000017
